workload,threads,phase,baseline_1_ms,baseline_2_ms,baseline_3_ms,baseline_4_ms,baseline_5_ms,baseline_6_ms,baseline_7_ms,baseline_8_ms,baseline_9_ms,candidate_1_ms,candidate_2_ms,candidate_3_ms,candidate_4_ms,candidate_5_ms,candidate_6_ms,candidate_7_ms,candidate_8_ms,candidate_9_ms
lexical_256,4,repeated_full,123.086729,81.300314,88.217713,105.115164,107.601979,119.318977,94.375442,86.612354,110.543241,104.967946,92.399398,101.730123,115.203771,99.981703,97.339601,94.791202,94.525359,80.452200
lexical_256,4,native_roundtrip,51.804387,37.557660,35.011091,49.893158,47.556640,45.335303,43.326104,40.269754,35.188262,39.022688,44.640764,40.344835,59.473889,39.510740,37.303027,39.869733,37.572787,32.482677
lexical_256,4,body_edit,39.876682,41.848752,41.477632,45.274922,58.065991,39.990501,41.275603,39.781762,43.860420,44.503631,44.161679,39.718749,44.764517,45.040951,45.676569,40.373538,37.586513,41.536720
reader_64,4,repeated_full,31.878302,30.451139,29.716061,42.542163,36.702835,27.154649,30.442842,32.952507,35.360148,29.666137,39.198349,33.013493,28.741298,28.185490,26.420723,25.956116,30.564958,27.393029
reader_64,4,native_roundtrip,19.263908,13.492904,13.292923,10.594779,12.401298,15.714263,13.847880,11.674583,12.272233,14.737396,11.448508,22.783729,12.210836,14.578411,17.131502,11.807500,12.186210,11.680440
reader_64,4,body_edit,16.937583,12.538162,13.089432,18.904926,11.221873,17.052534,11.825737,18.234935,11.172232,14.670027,12.172370,15.361512,11.155745,10.320218,10.583277,10.622235,11.299197,10.869909
nominal_256,4,repeated_full,51.923036,37.477314,42.900183,35.592934,48.426885,42.869953,36.982326,36.789256,35.999767,32.671219,35.390214,34.885883,33.045232,35.424696,32.857280,31.436161,34.969161,32.028647
nominal_256,4,native_roundtrip,26.462211,26.061568,20.219340,20.002122,19.449074,19.571986,19.858356,20.552491,18.024174,16.993428,16.287823,15.051193,16.198141,16.889525,23.483407,26.156054,20.101940,15.145798
nominal_256,4,body_edit,21.060269,26.360346,19.799253,18.568440,20.528292,17.717771,20.183041,21.293074,19.505948,20.960722,16.425568,17.412389,16.984635,18.368739,16.786602,17.171696,18.110232,16.101127
