workload,threads,phase,baseline_1_ms,baseline_2_ms,baseline_3_ms,baseline_4_ms,baseline_5_ms,baseline_6_ms,baseline_7_ms,candidate_1_ms,candidate_2_ms,candidate_3_ms,candidate_4_ms,candidate_5_ms,candidate_6_ms,candidate_7_ms
lexical_256,1,startup,17.688851,18.129964,18.236102,22.134542,19.330719,22.331660,18.084566,19.880474,21.211944,17.833424,20.635110,16.994779,19.633002,17.254898
lexical_256,1,fresh_process_compile,244.463118,168.711007,201.961793,186.521908,188.792834,180.487339,177.933898,165.057351,205.262799,171.806268,183.248721,211.429617,169.569143,172.001530
lexical_256,1,repeated_full,186.195116,166.551081,162.806596,196.745104,181.319492,172.383029,198.001111,160.662208,165.170359,158.478084,170.800194,163.589765,165.749582,172.846791
lexical_256,1,native_roundtrip,62.674210,76.425436,63.044658,69.750104,63.796204,64.183483,72.735977,75.451205,57.749063,63.564277,62.272902,59.915241,63.228013,60.116171
lexical_256,1,analysis,167.015814,154.696081,141.309029,165.583035,145.032633,172.384722,167.332037,149.315320,145.642036,140.250337,158.551492,147.833139,164.879557,161.533127
lexical_256,1,body_edit,57.013204,54.449421,55.207478,60.026118,49.226954,55.597356,49.505934,53.650919,51.922162,74.004438,60.381823,53.403525,71.221457,49.632466
lexical_256,1,unchanged,0.061751,0.072447,0.066648,0.060640,0.097705,0.114950,0.060550,0.105857,0.062122,0.078416,0.061781,0.055712,0.063094,0.064396
lexical_256,4,startup,20.300885,20.832161,18.942034,20.140849,19.786434,21.100498,23.392219,22.753123,19.631785,22.071625,20.366802,20.496925,21.485497,20.471848
lexical_256,4,fresh_process_compile,222.900376,244.041497,225.814291,264.722279,229.895629,236.316137,259.547824,216.034466,208.379916,231.766075,241.848799,222.247394,253.921886,225.196917
lexical_256,4,repeated_full,165.958043,104.366203,87.832127,105.423913,97.995704,96.612938,94.345754,123.963499,98.140678,120.104168,96.313425,92.563406,120.303673,113.176394
lexical_256,4,native_roundtrip,50.988697,44.756122,36.151426,47.552634,57.660588,47.024543,47.692992,68.782503,57.163142,40.742528,38.989065,45.977363,45.305499,40.635420
lexical_256,4,analysis,109.926626,95.919643,88.052903,99.238733,100.989063,119.834655,88.643898,91.414533,113.762661,106.285669,87.161705,81.697691,93.623425,95.813335
lexical_256,4,body_edit,55.838998,40.086428,49.526725,49.843824,57.598176,50.400216,44.627596,45.187665,42.487280,45.560036,44.599074,51.465343,43.126505,46.764848
lexical_256,4,unchanged,0.068992,0.092457,0.050595,0.049853,0.062062,0.054590,0.054831,0.046128,0.046138,0.046829,0.046228,0.049733,0.046820,0.048982
nominal_256,1,startup,17.253264,22.514238,20.507078,23.045864,21.970743,23.124911,18.604138,17.580628,17.409896,18.651543,18.619044,17.870508,17.700996,17.821736
nominal_256,1,fresh_process_compile,46.829439,52.212572,45.554192,60.900265,52.713913,48.437684,43.709364,45.780503,40.895129,41.339386,38.878606,47.753575,39.615246,42.735216
nominal_256,1,repeated_full,42.556006,44.266372,67.183831,36.472266,42.256574,39.517492,41.409890,53.874461,40.144944,35.615819,37.580245,40.636377,37.361883,38.133644
nominal_256,1,native_roundtrip,21.107901,22.230211,21.036030,24.699159,21.394812,21.323165,22.438526,19.339731,18.014370,20.927229,18.247125,18.334204,20.034964,17.397978
nominal_256,1,analysis,40.861420,41.014235,41.983860,51.090803,40.861270,44.352024,41.573789,34.742858,39.597289,35.337678,38.598472,37.798138,41.587229,39.073294
nominal_256,1,body_edit,22.794182,20.678331,20.111693,23.463873,20.306371,23.379087,23.322182,17.894243,19.058404,17.888204,17.421283,16.021442,19.817718,19.044734
nominal_256,1,unchanged,0.039198,0.038377,0.037736,0.034862,0.032558,0.039949,0.042492,0.041411,0.036103,0.039018,0.033690,0.031557,0.038427,0.035452
nominal_256,4,startup,19.812603,22.508626,18.759765,18.571917,17.073421,18.956606,17.076444,18.001964,19.663922,51.121924,18.000933,17.909276,18.248739,18.267935
nominal_256,4,fresh_process_compile,43.102760,43.499006,44.362604,43.462522,39.840984,41.415614,45.758504,38.679996,39.877648,40.103453,39.536363,51.148424,40.837568,36.523457
nominal_256,4,repeated_full,40.377860,37.900583,39.873904,39.936190,43.103531,43.534399,38.360504,35.074372,38.752324,43.490834,35.421105,46.547667,40.646005,44.706182
nominal_256,4,native_roundtrip,21.177833,27.137284,22.665032,20.995132,20.686265,20.791691,20.901741,16.371461,20.650872,18.997166,19.908354,17.930599,20.935494,17.429665
nominal_256,4,analysis,42.182748,53.951707,40.470085,54.748835,42.096812,40.436511,36.507058,34.443549,40.429135,35.076175,41.017505,41.799783,40.146766,41.743284
nominal_256,4,body_edit,20.142391,20.489008,19.918369,21.003614,25.068850,30.286378,18.410576,16.652217,18.533530,18.064356,16.905561,19.314005,19.291571,18.713204
nominal_256,4,unchanged,0.113678,0.037085,0.035923,0.039368,0.038527,0.065056,0.035643,0.037646,0.036204,0.044836,0.039178,0.040159,0.038366,0.038487
shared_frontier_diamonds_8,1,startup,16.570764,17.037056,18.058747,18.068703,23.013507,18.394804,17.168128,17.261306,17.483887,17.208460,17.576563,20.508335,19.725322,17.392582
shared_frontier_diamonds_8,1,fresh_process_compile,165.905516,146.412235,145.114820,140.684891,137.456307,148.424714,160.218262,145.111414,131.618577,199.672787,144.078121,132.524481,144.891848,140.277941
shared_frontier_diamonds_8,1,repeated_full,160.421303,134.998628,134.166107,152.099619,141.811215,138.998870,128.381752,127.300124,130.813371,135.488112,132.166108,127.640405,140.378962,126.400081
shared_frontier_diamonds_8,1,native_roundtrip,48.575712,47.589678,47.759790,50.236001,48.614632,50.013491,49.782460,44.886127,48.985353,46.443442,45.444885,46.207611,53.341035,43.779930
shared_frontier_diamonds_8,1,analysis,126.864831,126.064991,126.105185,144.918963,128.717149,129.285129,128.817577,126.288849,145.658750,131.243122,127.782522,155.032530,123.179917,123.475103
shared_frontier_diamonds_8,1,body_edit,33.826172,31.402900,32.069857,44.577690,35.533409,35.317289,33.806744,29.864234,30.759909,36.700498,33.087002,31.314328,33.464439,31.450639
shared_frontier_diamonds_8,1,unchanged,0.528051,0.486991,0.488843,0.578796,0.798511,0.520910,0.490996,0.505507,0.536513,0.589321,0.513920,0.506900,0.583493,0.492479
shared_frontier_diamonds_8,4,startup,20.352901,18.973548,19.308595,20.879789,19.415313,19.225962,20.225751,22.738530,20.296298,20.132404,21.609534,19.961590,19.618950,18.838239
shared_frontier_diamonds_8,4,fresh_process_compile,201.875191,193.476977,196.348845,191.637416,220.450080,177.532129,187.569567,193.349691,199.762731,170.233000,185.100790,191.447679,194.674572,186.392746
shared_frontier_diamonds_8,4,repeated_full,110.172893,99.305090,101.772000,101.257934,104.740411,94.292950,133.947911,96.887081,84.236648,91.407105,97.263850,109.478986,93.316877,87.339559
shared_frontier_diamonds_8,4,native_roundtrip,48.728400,62.941916,38.773150,44.922226,41.054676,38.908361,39.672892,35.120610,39.550259,36.244259,33.811811,34.518205,38.944163,33.133762
shared_frontier_diamonds_8,4,analysis,91.007900,81.473651,81.229030,84.606961,78.818794,87.341165,79.637674,85.931102,77.061373,85.539766,95.203502,89.497367,79.000106,98.838916
shared_frontier_diamonds_8,4,body_edit,41.850745,31.324321,28.423889,27.533352,28.109666,30.921314,32.341626,26.656938,31.623053,25.284626,30.066440,26.111544,32.946280,28.085489
shared_frontier_diamonds_8,4,unchanged,0.679856,0.495994,0.551686,0.523775,0.583764,0.501201,0.525878,0.602592,0.595221,0.636652,0.576222,0.502003,0.583273,0.523314
reader_8,1,startup,16.809599,22.529001,21.069211,16.843950,17.310821,22.867190,19.308687,17.257191,17.165316,16.382477,16.540531,16.768448,18.533274,17.504036
reader_8,1,fresh_process_compile,7.131791,8.770605,7.300696,6.823375,7.370254,14.390575,8.836293,7.349743,7.458335,9.795082,6.471674,6.741354,6.742355,6.765369
reader_8,1,repeated_full,4.733804,6.761598,4.441130,3.830797,3.887842,4.116270,5.271689,3.802956,4.156619,5.126635,4.581948,4.165923,4.197911,3.958256
reader_8,1,native_roundtrip,1.677972,2.211832,1.507921,1.900351,2.552696,1.643351,2.103573,1.570804,1.614128,1.588941,1.517014,1.568320,1.445719,1.844839
reader_8,1,analysis,4.558244,4.498075,3.770969,4.346961,3.194105,3.935222,3.485337,3.640646,3.258211,4.110912,3.393931,3.122610,3.576962,4.735576
reader_8,1,body_edit,1.679865,1.747315,1.648569,2.460851,1.952288,2.696269,1.906110,2.060779,1.533378,1.567129,1.543394,1.477796,2.069491,1.844899
reader_8,1,unchanged,0.076533,0.074340,0.073780,0.097083,0.072667,0.073589,0.078987,0.073619,0.071706,0.087850,0.076693,0.072117,0.448023,0.170422
reader_8,4,startup,21.432859,18.535752,17.903657,18.552568,18.791511,19.221156,17.962364,19.038756,18.458773,17.290866,17.122232,17.018337,17.753826,22.413889
reader_8,4,fresh_process_compile,10.804184,8.889852,7.089309,7.168375,7.522299,8.368120,7.438715,6.526655,5.284818,6.239801,5.531940,5.804458,5.985546,6.272415
reader_8,4,repeated_full,7.817871,12.930580,4.857387,4.476352,5.379288,4.111223,4.094688,4.763868,4.724330,3.809627,3.574047,4.114397,5.415151,10.884243
reader_8,4,native_roundtrip,2.892690,2.490014,2.134898,2.164723,1.786954,2.019638,2.568711,1.629872,1.977455,2.430336,2.006890,1.779793,1.524155,2.118064
reader_8,4,analysis,5.422262,4.117611,4.024164,3.980810,3.387131,5.342845,4.186283,5.664671,3.744199,3.714526,3.554499,3.511355,3.658142,3.752112
reader_8,4,body_edit,2.019227,1.749277,2.021220,2.049132,2.195818,1.719133,3.297789,1.633777,2.483814,2.269517,1.770680,1.970476,2.179315,2.235362
reader_8,4,unchanged,0.084525,0.076363,0.073558,0.078206,0.074411,0.073358,0.086758,0.074390,0.118205,0.072507,0.178374,0.075762,0.148670,0.076373
reader_64,1,startup,18.739762,17.596351,17.485216,17.615540,17.914752,19.589019,17.587752,17.404017,17.203099,18.399319,17.695839,26.616054,17.959528,18.662769
reader_64,1,fresh_process_compile,37.369092,43.945811,38.140152,35.017493,36.540186,34.271248,35.226402,37.302193,39.098410,34.256006,34.472637,51.411776,41.801529,32.949643
reader_64,1,repeated_full,31.142471,29.711203,30.355055,29.625466,31.866382,31.052588,40.050108,34.654126,29.516435,30.278423,29.697954,30.713306,30.304541,29.513792
reader_64,1,native_roundtrip,14.333775,12.729992,13.208439,13.064547,18.790618,12.565429,13.534572,11.791844,11.393846,10.812996,11.646128,11.146229,10.899825,12.309085
reader_64,1,analysis,28.623625,31.717702,28.303491,28.021684,31.176811,30.311837,29.353453,29.277761,28.049434,26.726928,27.119349,28.240889,26.843350,27.797101
reader_64,1,body_edit,11.099721,13.054472,10.571749,10.639930,14.257356,11.958972,11.557457,11.459272,12.089825,15.640388,12.216632,13.400454,11.848117,11.503828
reader_64,1,unchanged,0.484486,0.492549,0.490916,0.427272,0.475744,0.427492,0.479720,0.453170,0.415785,0.425350,0.460361,0.411299,0.408003,0.442094
reader_64,4,startup,17.388123,17.792451,19.066766,18.129582,17.221197,18.020049,17.161029,18.861482,26.551449,17.244782,18.869606,21.304689,20.710760,19.783163
reader_64,4,fresh_process_compile,31.693506,34.051294,34.246258,36.448753,34.239675,31.743112,34.240376,38.845932,32.805841,34.063214,30.937400,34.532249,34.462666,30.561303
reader_64,4,repeated_full,30.115761,29.819929,28.132168,33.598547,31.350140,30.684936,30.777438,28.002485,29.972609,30.666844,30.665528,32.810301,30.772456,41.954243
reader_64,4,native_roundtrip,10.975858,12.833916,12.829240,12.623776,12.763623,13.215481,12.515606,11.832965,14.229009,13.221200,12.875418,15.394436,15.384160,15.114571
reader_64,4,analysis,27.385687,27.454355,28.505442,38.314805,29.309682,27.370353,29.912108,26.555129,29.771888,32.747639,25.962630,30.662574,26.773981,27.900146
reader_64,4,body_edit,14.461218,10.792005,11.753509,11.195373,12.475016,11.747971,11.784695,13.500703,21.660844,12.483809,16.446672,12.995135,11.540894,21.208728
reader_64,4,unchanged,0.413302,0.413402,0.425249,0.426151,0.483966,0.421294,0.460832,0.451878,0.411278,0.411539,0.464447,0.435414,0.410778,0.411900
balanced_64,1,startup,19.901483,21.240655,19.115400,19.189470,18.415585,18.941558,19.381845,18.583814,19.981157,19.848726,18.567300,19.971887,19.864339,18.525428
balanced_64,1,fresh_process_compile,363.299310,329.376202,342.078835,351.163245,329.217814,345.866655,397.366496,395.038852,316.355934,395.803429,317.116064,353.169270,335.761275,331.076979
balanced_64,1,repeated_full,329.039424,319.403157,324.385428,323.181467,331.172826,348.587665,352.383025,337.077729,363.284408,334.835810,298.969336,325.184948,326.415307,330.316439
balanced_64,1,native_roundtrip,108.532127,99.706162,99.155207,103.957051,99.756727,99.873328,98.946588,97.174166,90.866855,139.416052,90.691856,88.299806,83.196075,94.024065
balanced_64,1,analysis,299.748911,366.143079,303.255287,301.083263,375.589639,315.260835,314.947106,308.072444,316.125128,299.546509,356.122352,290.828198,353.910691,370.100819
balanced_64,1,body_edit,61.491043,58.563673,55.157574,60.949823,58.291981,57.186755,59.254754,60.778404,63.976441,64.265509,58.078365,59.119254,54.849137,60.411536
balanced_64,1,unchanged,0.361174,0.221908,0.168930,0.175460,0.217081,0.171663,0.167408,0.181559,0.176190,0.177873,0.240717,0.232774,0.190902,0.175579
balanced_64,4,startup,27.518713,19.800511,23.482325,22.373390,19.121560,20.828210,20.268896,20.545797,22.335655,18.980601,19.210701,19.799182,19.932870,20.281134
balanced_64,4,fresh_process_compile,339.688566,402.742177,407.900067,342.854729,331.779865,392.491306,351.737649,372.073253,345.519369,359.906797,332.983646,339.102317,306.483846,350.864829
balanced_64,4,repeated_full,170.747675,273.111278,184.919802,191.598808,153.323487,175.448974,167.973384,188.350763,197.460937,178.081205,161.304193,178.819231,176.147508,166.873963
balanced_64,4,native_roundtrip,77.242507,72.094211,67.325886,77.018416,78.108459,69.213882,63.753985,74.369787,86.376426,83.864024,71.935326,68.347728,76.891983,73.151632
balanced_64,4,analysis,156.242766,160.218657,223.772882,145.651565,158.469539,145.301874,143.081048,162.419664,167.240486,145.121801,155.604456,128.009415,198.591433,141.451677
balanced_64,4,body_edit,50.097372,46.610768,46.390131,44.037221,46.216245,49.323060,38.829165,42.268615,45.879353,35.823689,41.168207,42.009971,42.556595,43.418419
balanced_64,4,unchanged,0.216340,0.190441,0.171394,0.176932,0.210682,0.201658,0.584075,0.175750,0.182931,0.437357,0.187858,0.225283,0.171604,0.201859
uneven_64,1,startup,20.808155,17.808156,17.461319,16.758905,16.687208,17.196297,17.197643,17.011878,16.621220,16.510888,16.696241,16.283500,16.582363,17.943586
uneven_64,1,fresh_process_compile,83.738077,82.655225,88.587266,73.687778,72.916707,74.584953,75.812739,79.251409,96.813582,74.659826,75.810238,92.665265,76.585134,84.585888
uneven_64,1,repeated_full,70.482015,72.737292,69.780738,68.639850,65.871394,68.150934,73.157080,78.487089,74.553019,74.188349,69.964245,77.120191,70.215391,71.101525
uneven_64,1,native_roundtrip,24.559194,24.359139,22.859539,24.040958,26.043570,22.766651,28.429439,21.707906,24.902011,23.294823,21.592595,20.970815,21.157552,21.309506
uneven_64,1,analysis,64.845756,69.271964,65.532473,68.744584,63.929191,65.438050,78.839648,71.157014,73.579759,77.804052,69.458431,67.511381,65.077860,63.228942
uneven_64,1,body_edit,25.732780,37.385239,22.954801,19.890007,22.453118,23.278839,21.962057,20.736589,24.847991,20.297709,19.918738,22.478706,23.981289,20.080468
uneven_64,1,unchanged,0.183812,0.174928,0.177873,0.236910,0.174068,0.170713,0.224362,0.177934,0.172665,0.166236,0.166266,0.169701,0.239675,0.171924
uneven_64,4,startup,20.593326,21.033859,20.048621,19.165845,19.924357,19.928393,19.732243,18.978467,20.006839,22.228476,19.192374,19.898939,19.232574,20.451567
uneven_64,4,fresh_process_compile,127.489291,119.885370,124.144816,163.485325,137.282003,142.454575,122.209183,137.683618,126.125718,139.721787,119.143688,131.434943,132.294674,124.960193
uneven_64,4,repeated_full,57.889812,44.694578,44.056078,47.023364,50.622693,53.336249,59.133506,78.413266,52.733397,53.369383,53.991398,45.459095,63.163287,48.274320
uneven_64,4,native_roundtrip,27.999704,18.653006,18.065327,19.165204,24.922281,20.484045,23.098058,22.393590,16.393984,18.661023,17.057796,17.868350,16.609313,15.479591
uneven_64,4,analysis,44.257536,40.897807,41.641387,42.515410,42.325349,53.092638,58.238746,49.350351,56.959008,41.284239,44.447939,37.225883,41.992687,45.657518
uneven_64,4,body_edit,19.951847,20.703720,18.513399,18.819763,19.997581,19.041931,21.843897,18.362858,20.665789,17.547230,19.734051,17.682140,22.284930,19.082171
uneven_64,4,unchanged,0.183552,0.225103,0.171024,0.267516,0.168780,0.168870,0.301546,0.174168,0.165625,0.193886,0.185645,0.173968,0.176972,0.185334
clustered_64,1,startup,17.763590,17.565567,18.765582,17.800445,17.149481,18.774004,17.929125,17.605426,17.540028,17.632416,20.106216,17.442345,17.500120,16.861276
clustered_64,1,fresh_process_compile,79.167561,87.107978,84.956261,82.173698,78.179795,77.963790,77.479835,87.956213,97.030187,83.670292,85.493610,91.655476,77.432254,77.116390
clustered_64,1,repeated_full,75.400528,71.800127,73.783617,73.267348,74.406358,70.508011,72.896837,72.614778,72.088198,71.518806,72.927180,76.775714,71.042862,69.399283
clustered_64,1,native_roundtrip,24.652020,23.865447,23.194063,23.004883,25.889501,26.416030,23.844587,19.799061,20.894872,22.097702,23.280612,21.439678,23.240292,21.196068
clustered_64,1,analysis,70.379571,71.548445,70.802282,65.694039,72.654376,66.782509,85.696213,67.986711,71.861112,98.956468,68.269705,66.165065,70.692785,66.819536
clustered_64,1,body_edit,19.525336,21.198351,20.608218,20.576031,22.506747,21.321794,19.821625,23.150720,22.009270,20.479288,20.220199,20.412349,20.413570,19.616301
clustered_64,1,unchanged,0.170212,0.243761,0.166927,0.192545,0.222610,0.162320,0.167688,0.167368,0.168860,0.176030,0.189290,0.170362,0.173666,0.197902
clustered_64,4,startup,19.967341,18.794792,19.275243,18.885076,27.756801,19.701444,21.531156,18.549400,19.944794,18.981239,19.264918,19.993576,20.998522,20.767064
clustered_64,4,fresh_process_compile,138.577020,127.285381,144.804236,133.696219,137.612241,154.165803,129.579618,119.720154,118.838800,125.840663,134.398151,126.751526,144.614545,119.228663
clustered_64,4,repeated_full,62.097971,69.318742,57.511515,55.427623,54.769169,55.940792,50.017240,65.039135,56.468017,43.433150,52.503282,46.791508,65.821913,54.143843
clustered_64,4,native_roundtrip,20.986930,17.805289,19.899227,20.424002,20.280805,19.645672,16.509645,19.351411,18.304227,15.928973,22.444342,19.798447,20.215304,17.247517
clustered_64,4,analysis,46.521618,53.286306,44.908331,60.032736,49.321245,48.020916,44.135011,57.040964,50.485712,43.904087,41.557976,48.747100,46.163379,43.258098
clustered_64,4,body_edit,21.326488,17.860000,17.300312,20.595767,23.293417,19.513336,23.113796,21.169405,18.329555,18.372698,22.677006,28.540700,20.236516,20.567919
clustered_64,4,unchanged,0.176451,0.224082,0.203531,0.204041,0.170883,0.174238,0.186546,0.176261,0.165224,0.229740,0.170231,0.181088,0.178725,0.177422
chain_64,1,startup,17.357210,17.607409,16.472010,17.697151,17.319393,18.935565,17.958078,16.308634,17.490427,17.124905,18.658514,20.063553,19.352291,21.606675
chain_64,1,fresh_process_compile,11.351444,10.917902,12.023107,10.505442,11.921248,11.662765,10.894969,11.411301,10.441688,10.370823,10.005853,10.548666,10.341419,10.793378
chain_64,1,repeated_full,8.734422,8.178710,8.089598,9.799283,8.626893,8.309854,8.619913,8.994817,7.764687,7.449241,8.981027,8.121705,8.239791,7.901019
chain_64,1,native_roundtrip,4.588178,4.714064,4.640036,4.764534,4.251324,4.152012,6.524243,3.904066,4.357517,4.791119,3.944486,3.723259,4.223238,3.923995
chain_64,1,analysis,7.984142,8.003511,7.775804,8.423442,7.952435,8.188595,8.183107,7.971083,8.234372,7.266620,7.496761,6.465305,7.551592,7.175566
chain_64,1,body_edit,4.716718,4.330597,4.043372,4.755416,5.547287,4.266773,4.833100,4.040758,4.495071,4.664591,3.961922,4.273652,5.957133,4.454760
chain_64,1,unchanged,0.167538,0.314265,0.160818,0.221748,0.196511,0.159606,0.185455,0.163062,0.165926,0.160677,0.245113,0.207617,0.164914,0.173246
chain_64,4,startup,17.579848,18.406662,17.065297,17.528473,18.168334,16.837861,16.503407,19.033479,17.577796,17.521281,18.320785,16.457478,19.260585,16.762008
chain_64,4,fresh_process_compile,11.546243,10.484091,10.998371,10.408249,11.670336,10.421288,17.726715,10.471342,10.127773,10.460315,9.634914,9.793554,10.321510,10.382240
chain_64,4,repeated_full,9.130293,8.232299,8.319513,8.855642,8.447798,8.631790,8.473065,7.730311,9.581505,10.485152,8.612247,9.308276,7.283135,8.119872
chain_64,4,native_roundtrip,4.628197,4.792660,4.519346,5.021143,4.961480,4.299321,7.282544,10.682168,5.176468,5.585985,4.117562,4.140236,3.606275,3.939278
chain_64,4,analysis,6.922120,7.120384,6.611326,7.364465,7.128977,7.529249,6.655927,7.582358,7.763336,6.443082,6.851807,6.892517,7.980156,6.658360
chain_64,4,body_edit,4.705281,4.899729,4.652023,4.470975,5.727103,4.187585,5.136719,4.520107,5.131371,4.591824,5.506186,4.666725,4.877576,6.497933
chain_64,4,unchanged,0.188399,0.171073,0.163713,0.228338,0.193135,0.163321,0.164794,0.165084,0.175229,0.206866,0.165745,0.163201,0.189119,0.176461
diamonds_8,1,startup,20.895783,18.063106,21.232370,18.745352,19.369145,17.184187,18.335358,22.312086,18.061254,20.089361,18.676291,18.009705,18.476545,17.928136
diamonds_8,1,fresh_process_compile,136.015083,142.124713,140.132609,149.850978,160.532831,161.366615,136.825398,178.838520,131.232890,133.760381,135.302042,131.182103,131.935111,131.838970
diamonds_8,1,repeated_full,128.325538,137.940199,129.377003,132.364846,136.258356,135.729012,134.867597,170.121641,126.290853,154.665580,125.311042,134.735329,131.185688,135.158378
diamonds_8,1,native_roundtrip,45.655946,54.010284,47.853065,47.519873,50.270273,50.392404,47.069591,39.860101,41.738157,44.441849,46.819347,42.354861,41.753612,45.230582
diamonds_8,1,analysis,129.103288,122.149731,125.723241,131.442742,127.392771,123.285724,132.168642,136.887669,123.865417,132.486196,124.867755,127.713245,124.501602,150.046539
diamonds_8,1,body_edit,32.002669,29.922915,35.889366,31.815129,30.498110,31.397681,34.331738,38.502826,32.604267,28.399616,30.555576,30.342451,31.030358,29.008669
diamonds_8,1,unchanged,0.597133,0.604843,0.782598,0.479299,0.541671,0.492047,0.482714,0.595060,0.509203,0.498037,0.519409,1.426230,0.488693,0.476014
diamonds_8,4,startup,19.389877,20.679795,18.737902,20.310283,19.880341,20.857692,19.591114,20.554303,18.769949,22.037954,19.195198,19.593547,21.045435,18.789689
diamonds_8,4,fresh_process_compile,180.346902,182.041450,193.114392,179.520059,181.166680,202.105306,204.586542,175.137695,172.951161,187.415289,182.825728,187.421124,186.032091,181.157221
diamonds_8,4,repeated_full,103.344779,94.014845,91.892039,90.984330,95.419890,125.900639,100.969257,94.793853,107.368876,119.545200,100.658498,98.294351,112.066880,88.732715
diamonds_8,4,native_roundtrip,49.221653,40.437284,46.064911,43.141143,45.675652,53.877381,39.869649,29.842340,39.995331,30.429771,31.418321,34.094153,35.249071,35.791748
diamonds_8,4,analysis,90.896528,78.631937,96.750708,91.225442,83.641301,122.513750,77.726392,81.305667,75.877647,81.743195,79.437012,81.590438,81.476799,90.697251
diamonds_8,4,body_edit,28.348854,22.918417,28.563990,26.818002,25.207140,33.732619,26.845372,26.354520,27.302042,23.601901,30.176439,25.073883,29.198673,24.838540
diamonds_8,4,unchanged,0.566057,0.477236,0.505037,0.505868,0.477676,0.495783,0.505618,0.494481,1.732514,0.529363,0.500850,0.483154,0.476475,0.514731
shared_root_diamonds_8,1,startup,17.891068,17.481159,17.837306,18.787451,16.697860,20.628249,19.283656,17.031564,19.339538,16.978866,18.297476,28.459684,19.915133,18.645000
shared_root_diamonds_8,1,fresh_process_compile,140.819040,147.106558,142.647185,129.853665,147.385899,166.117989,177.223663,130.013117,166.730876,156.621341,128.362631,162.218946,129.817919,169.123496
shared_root_diamonds_8,1,repeated_full,135.869517,136.838197,144.942196,132.315478,140.820814,161.695769,159.666846,133.356532,132.518413,127.382695,136.392613,167.326077,156.808988,134.349035
shared_root_diamonds_8,1,native_roundtrip,48.864546,49.246367,46.186155,50.141736,53.605005,50.438121,46.734492,40.761185,41.241957,43.038209,41.824809,47.753219,42.704891,53.834014
shared_root_diamonds_8,1,analysis,124.516602,130.316409,124.874490,153.198167,150.521939,156.069023,136.955591,128.056312,140.736354,118.703977,114.146641,142.284900,125.037887,137.481505
shared_root_diamonds_8,1,body_edit,31.128527,31.891305,34.550344,34.910952,33.027346,37.114241,33.183407,30.945280,29.575028,29.794343,32.139027,32.163298,32.696080,32.729084
shared_root_diamonds_8,1,unchanged,0.532387,0.785622,0.515203,0.578145,0.689140,1.123292,0.474291,0.641249,0.505678,0.487862,0.523094,0.495102,0.514732,0.508803
shared_root_diamonds_8,4,startup,20.820308,19.546183,19.184709,20.322452,21.217501,19.600624,18.941543,19.472775,18.785238,20.112452,18.938103,21.210105,19.416591,21.598973
shared_root_diamonds_8,4,fresh_process_compile,171.549608,176.085864,198.471367,197.740225,185.668173,180.426471,187.535635,175.631647,184.826012,172.994721,206.104839,188.252291,183.775839,191.811799
shared_root_diamonds_8,4,repeated_full,101.702363,85.882211,90.023717,86.752127,110.908885,82.905117,88.791094,99.869385,101.196676,81.918627,77.724763,80.523233,94.892909,93.630666
shared_root_diamonds_8,4,native_roundtrip,43.804097,43.013147,45.918159,38.400804,34.170230,34.535673,38.338752,33.149952,34.156936,33.758738,44.024518,35.491781,31.696797,36.820069
shared_root_diamonds_8,4,analysis,87.333312,82.781554,93.570489,125.676662,73.956440,80.415191,75.728281,83.788688,80.653707,75.681121,72.931984,86.301797,81.824183,106.259989
shared_root_diamonds_8,4,body_edit,26.792643,30.293446,28.814709,23.701790,30.892487,23.253436,32.589343,24.234077,25.679881,23.622824,28.545315,26.066564,24.861926,26.606600
shared_root_diamonds_8,4,unchanged,0.522954,0.497486,0.481352,0.485108,0.489954,0.526410,0.651256,0.499479,0.485688,0.506128,0.678994,0.515122,0.499679,0.532487
staggered_64,1,startup,18.822805,17.864778,17.760112,18.041359,19.600254,18.561748,19.383074,20.286761,18.194816,16.979669,17.130121,20.431606,20.969562,19.592494
staggered_64,1,fresh_process_compile,64.796727,59.185595,59.459871,66.012986,64.771494,63.059161,64.226858,73.041023,55.847788,73.506371,58.002370,66.692485,60.650928,98.878655
staggered_64,1,repeated_full,56.287066,53.372285,57.450118,62.803147,55.251671,56.214579,60.950476,51.153413,55.809696,50.962651,56.764669,59.329088,65.551504,58.832042
staggered_64,1,native_roundtrip,17.729047,18.465246,18.243678,19.377006,19.256306,23.252789,20.719271,16.694898,17.783127,18.068990,20.271708,15.925689,16.823898,43.132568
staggered_64,1,analysis,59.488093,49.946287,50.661555,53.143517,54.593107,50.351727,53.771326,50.428025,50.443779,47.648168,70.088594,53.287871,52.277821,54.733568
staggered_64,1,body_edit,21.616028,18.031910,16.028231,21.192631,24.585140,19.030933,21.197639,17.827323,18.554769,18.403225,18.800442,20.571491,19.105173,17.564874
staggered_64,1,unchanged,0.278712,0.170012,0.190102,0.182871,0.173617,0.170683,0.171334,0.174088,0.179475,0.244262,0.193766,0.172455,0.206485,0.163912
staggered_64,4,startup,18.817166,26.188640,19.784707,18.786069,20.177908,21.788962,18.204810,19.857289,18.700072,17.548259,20.807359,22.633421,22.545482,18.591261
staggered_64,4,fresh_process_compile,62.047910,62.757975,63.805205,60.073164,55.707166,56.786417,53.407513,79.019981,77.608358,61.739634,53.754171,92.385952,54.656020,52.927834
staggered_64,4,repeated_full,51.836161,46.286690,65.195606,52.336514,52.396167,61.952283,51.844551,50.568638,65.822148,53.832136,50.274369,48.809497,51.542800,48.646530
staggered_64,4,native_roundtrip,20.320119,17.111582,13.615281,19.579272,13.661178,20.644494,14.870657,13.028432,11.929887,13.346142,19.109033,13.226876,14.365240,12.497658
staggered_64,4,analysis,54.699976,48.703455,53.493721,52.947098,58.917094,52.093629,59.644680,42.762603,54.678197,48.265142,52.096254,45.801252,51.169012,42.797207
staggered_64,4,body_edit,23.199628,18.683329,33.988712,20.204372,18.503306,29.593857,17.996902,20.227472,22.064410,17.188016,20.014967,20.241513,18.532855,14.279494
staggered_64,4,unchanged,0.176981,0.172535,0.253284,0.221287,0.187408,0.162710,0.171624,0.252293,0.165525,0.168660,0.215318,0.182029,0.182750,0.168309
