workload,phase,policy,coordination_us,dispatch_us,publication_us,job_sum_us
wide8,population,default,"[0,0,0]","[0,0,0]","[0,0,0]","[0,0,0]"
wide8,population,workers-1,"[1,2,2]","[37,41,41]","[3,3,3]","[28,30,31]"
wide8,population,workers-2,"[1,2,2]","[157,163,210]","[3,3,5]","[31,42,52]"
wide8,population,workers-4,"[1,1,2]","[217,240,256]","[4,5,6]","[77,80,165]"
wide8,population,workers-8,"[2,2,2]","[148,233,239]","[3,5,7]","[33,52,109]"
wide8,edit,default,"[0,0,0,0,0,0,0,0,0,0,0,0,0,0,0,0,0,0,0,0,0,0,0,0,0,0,0,0,0,0,0,0,0,0,0,0,0,0,0,0,0,0,0,0,0,0,0,0,0,0,0,0,0,0,0,0,0,0,0,0]","[0,0,0,0,0,0,0,0,0,0,0,0,0,0,0,0,0,0,0,0,0,0,0,0,0,0,0,0,0,0,0,0,0,0,0,0,0,0,0,0,0,0,0,0,0,0,0,0,0,0,0,0,0,0,0,0,0,0,0,0]","[0,0,0,0,0,0,0,0,0,0,0,0,0,0,0,0,0,0,0,0,0,0,0,0,0,0,0,0,0,0,0,0,0,0,0,0,0,0,0,0,0,0,0,0,0,0,0,0,0,0,0,0,0,0,0,0,0,0,0,0]","[0,0,0,0,0,0,0,0,0,0,0,0,0,0,0,0,0,0,0,0,0,0,0,0,0,0,0,0,0,0,0,0,0,0,0,0,0,0,0,0,0,0,0,0,0,0,0,0,0,0,0,0,0,0,0,0,0,0,0,0]"
wide8,edit,workers-1,"[1,1,1,1,1,1,1,1,1,1,1,1,1,1,1,1,1,1,1,1,1,1,1,1,1,1,1,1,1,1,1,1,1,1,1,1,1,1,1,1,1,1,1,1,1,1,1,1,1,1,1,1,1,1,1,1,1,1,1,1]","[18,19,19,19,19,19,19,19,19,19,19,19,19,19,19,19,19,19,19,19,19,19,19,19,19,19,19,19,19,19,20,20,20,20,20,20,20,20,20,20,20,20,20,20,20,20,20,20,20,20,21,21,22,23,43,43,44,49,102,252]","[2,2,2,2,2,2,2,2,2,2,2,2,2,2,2,2,2,2,2,2,2,2,2,2,2,2,2,2,2,2,2,2,2,2,2,2,2,2,2,2,2,2,2,2,2,2,2,2,2,2,2,2,2,2,2,2,2,2,3,7]","[18,18,18,18,18,18,18,18,18,18,18,18,18,18,18,18,18,18,18,18,18,18,19,19,19,19,19,19,19,19,19,19,19,19,19,19,19,19,19,19,19,19,19,19,19,19,19,19,19,20,20,20,21,22,42,42,43,48,101,251]"
wide8,edit,workers-2,"[1,1,1,1,1,1,1,1,1,1,1,1,1,1,1,1,1,1,1,1,1,1,1,1,1,1,1,1,1,1,1,1,1,1,1,1,1,1,1,1,1,1,1,1,1,1,1,1,1,1,1,1,1,1,1,1,1,1,1,1]","[31,31,31,31,32,32,32,32,32,33,33,33,34,34,34,34,35,35,35,35,36,36,37,37,41,42,42,43,43,43,43,44,45,47,48,48,48,49,49,50,50,50,51,52,52,53,54,55,56,57,59,60,61,62,64,69,86,110,127,200]","[2,2,2,2,2,2,2,2,2,2,2,2,2,2,2,2,2,2,2,2,2,2,2,2,2,2,2,2,2,2,2,2,2,2,2,2,2,2,2,2,3,3,3,3,3,3,3,3,3,3,3,3,3,3,3,3,3,3,3,4]","[18,19,19,19,19,19,19,19,19,19,19,19,20,20,20,20,20,20,20,20,20,20,21,21,22,22,24,25,26,26,26,27,27,27,27,28,28,28,28,28,28,28,28,29,29,29,30,31,31,31,32,33,34,34,35,43,44,56,69,112]"
wide8,edit,workers-4,"[1,1,1,1,1,1,1,1,1,1,1,1,1,1,1,1,1,1,1,1,1,1,1,1,1,1,1,1,1,1,1,1,1,1,1,1,1,1,1,1,1,1,1,1,1,1,1,1,1,1,1,1,1,1,1,1,1,1,1,1]","[30,31,31,31,32,33,33,35,35,37,37,41,43,43,43,44,44,45,45,46,46,46,46,47,47,47,47,47,48,48,49,49,50,50,50,51,52,53,53,54,54,55,56,57,57,59,60,62,63,70,70,70,78,80,86,89,90,109,158,389]","[2,2,2,2,2,2,2,2,2,2,2,2,2,2,2,2,2,2,2,2,2,2,2,2,3,3,3,3,3,3,3,3,3,3,3,3,3,3,3,3,3,3,3,3,3,3,3,3,3,3,3,3,3,3,3,3,4,4,16,30]","[19,19,20,20,20,20,20,20,21,21,21,22,22,23,23,24,25,26,26,26,26,26,26,26,27,27,27,28,28,28,28,28,28,28,28,28,28,28,28,28,28,28,29,29,29,30,31,31,31,33,34,34,35,38,45,45,47,59,68,356]"
wide8,edit,workers-8,"[1,1,1,1,1,1,1,1,1,1,1,1,1,1,1,1,1,1,1,1,1,1,1,1,1,1,1,1,1,1,1,1,1,1,1,1,1,1,1,1,1,1,1,1,1,1,1,1,1,1,1,1,1,1,1,1,1,1,1,1]","[28,29,29,29,30,30,30,32,32,33,33,33,34,34,34,34,35,35,35,36,36,37,42,44,44,46,46,47,47,48,48,48,49,49,49,49,49,49,49,50,52,53,54,55,56,57,57,57,58,58,60,61,62,63,63,65,65,66,108,125]","[2,2,2,2,2,2,2,2,2,2,2,2,2,2,2,2,2,2,2,2,2,2,2,2,2,2,2,2,2,2,2,2,2,2,2,2,2,2,2,2,2,2,3,3,3,3,3,3,3,3,3,3,3,3,3,3,3,3,3,4]","[18,18,18,18,18,18,18,18,18,19,19,19,19,19,19,19,19,19,19,19,19,20,20,20,20,20,26,27,27,27,28,28,28,28,28,28,28,28,28,29,29,29,29,29,29,30,30,32,32,33,33,33,34,35,37,38,39,45,62,88]"
wide8,revert,default,"[0,0,0,0,0,0,0,0,0,0,0,0,0,0,0,0,0,0,0,0,0,0,0,0,0,0,0,0,0,0,0,0,0,0,0,0,0,0,0,0,0,0,0,0,0,0,0,0,0,0,0,0,0,0,0,0,0,0,0,0]","[0,0,0,0,0,0,0,0,0,0,0,0,0,0,0,0,0,0,0,0,0,0,0,0,0,0,0,0,0,0,0,0,0,0,0,0,0,0,0,0,0,0,0,0,0,0,0,0,0,0,0,0,0,0,0,0,0,0,0,0]","[0,0,0,0,0,0,0,0,0,0,0,0,0,0,0,0,0,0,0,0,0,0,0,0,0,0,0,0,0,0,0,0,0,0,0,0,0,0,0,0,0,0,0,0,0,0,0,0,0,0,0,0,0,0,0,0,0,0,0,0]","[0,0,0,0,0,0,0,0,0,0,0,0,0,0,0,0,0,0,0,0,0,0,0,0,0,0,0,0,0,0,0,0,0,0,0,0,0,0,0,0,0,0,0,0,0,0,0,0,0,0,0,0,0,0,0,0,0,0,0,0]"
wide8,revert,workers-1,"[1,1,1,1,1,1,1,1,1,1,1,1,1,1,1,1,1,1,1,1,1,1,1,1,1,1,1,1,1,1,1,1,1,1,1,1,1,1,1,1,1,1,1,1,1,1,1,1,1,1,1,1,1,1,1,1,1,1,1,1]","[18,18,19,19,19,19,19,19,19,19,19,19,19,19,19,19,19,19,19,19,19,19,19,19,19,19,19,19,19,19,19,19,19,19,20,20,20,20,20,20,20,20,20,20,20,20,20,20,20,20,20,20,20,21,21,21,28,41,41,73]","[2,2,2,2,2,2,2,2,2,2,2,2,2,2,2,2,2,2,2,2,2,2,2,2,2,2,2,2,2,2,2,2,2,2,2,2,2,2,2,2,2,2,2,2,2,2,2,2,2,2,2,2,2,2,2,2,2,2,2,3]","[17,18,18,18,18,18,18,18,18,18,18,18,18,18,18,18,18,18,18,18,18,18,18,18,18,18,18,18,18,19,19,19,19,19,19,19,19,19,19,19,19,19,19,19,19,19,19,19,19,19,19,19,19,20,20,20,27,40,40,72]"
wide8,revert,workers-2,"[1,1,1,1,1,1,1,1,1,1,1,1,1,1,1,1,1,1,1,1,1,1,1,1,1,1,1,1,1,1,1,1,1,1,1,1,1,1,1,1,1,1,1,1,1,1,1,1,1,1,1,1,1,1,1,1,1,1,1,1]","[28,30,30,30,30,30,31,32,32,32,33,33,34,34,35,35,35,35,35,35,36,36,36,36,43,43,43,44,47,48,49,49,50,50,51,51,51,51,52,52,52,53,55,56,57,58,59,60,60,61,62,64,65,66,66,72,73,76,112,149]","[2,2,2,2,2,2,2,2,2,2,2,2,2,2,2,2,2,2,2,2,2,2,2,2,2,2,2,2,2,2,2,2,2,2,2,2,2,2,3,3,3,3,3,3,3,3,3,3,3,3,3,3,3,3,4,4,4,4,4,6]","[18,18,18,19,19,19,19,19,19,19,19,19,19,20,20,20,20,20,20,20,20,21,21,21,24,25,27,27,27,27,27,27,27,28,28,28,28,28,28,28,28,29,29,29,30,30,31,31,32,32,33,34,34,36,36,36,40,44,50,63]"
wide8,revert,workers-4,"[1,1,1,1,1,1,1,1,1,1,1,1,1,1,1,1,1,1,1,1,1,1,1,1,1,1,1,1,1,1,1,1,1,1,1,1,1,1,1,1,1,1,1,1,1,1,1,1,1,1,1,1,1,1,1,1,1,1,1,1]","[30,33,34,35,36,37,39,41,42,42,42,43,44,45,45,46,46,46,46,46,47,47,48,48,48,48,48,49,50,51,51,51,53,53,54,55,55,55,56,56,57,57,57,59,60,61,61,63,66,69,71,72,76,82,83,84,88,93,148,265]","[2,2,2,2,2,2,2,2,2,2,2,2,2,2,2,2,2,2,2,2,2,2,3,3,3,3,3,3,3,3,3,3,3,3,3,3,3,3,3,3,3,3,3,3,3,3,3,3,3,3,3,3,3,3,3,4,4,4,4,4]","[18,19,19,19,19,19,20,20,20,20,20,24,24,25,26,26,27,27,27,27,27,27,27,27,28,28,28,28,28,28,28,28,28,29,29,29,29,29,29,30,31,32,32,32,33,33,33,34,35,35,35,36,37,39,44,44,48,63,74,264]"
wide8,revert,workers-8,"[1,1,1,1,1,1,1,1,1,1,1,1,1,1,1,1,1,1,1,1,1,1,1,1,1,1,1,1,1,1,1,1,1,1,1,1,1,1,1,1,1,1,1,1,1,1,1,1,1,1,1,1,1,1,1,1,1,1,1,1]","[29,30,30,30,30,31,32,32,32,32,33,33,34,34,34,34,34,34,35,36,36,36,40,40,41,41,42,43,43,44,45,46,46,46,46,47,48,48,49,49,50,50,52,52,52,53,53,54,55,55,55,56,57,60,63,66,68,72,80,154]","[2,2,2,2,2,2,2,2,2,2,2,2,2,2,2,2,2,2,2,2,2,2,2,2,2,2,2,2,2,2,2,2,2,2,2,2,2,2,2,3,3,3,3,3,3,3,3,3,3,3,3,3,3,3,3,3,3,3,3,96]","[18,18,18,18,18,18,19,19,19,19,19,19,19,19,19,19,19,19,19,19,19,20,20,20,20,21,25,26,27,27,27,27,27,27,27,27,27,28,28,28,28,28,28,28,29,29,29,29,29,29,29,29,29,30,30,36,39,55,59,220]"
wide8,noop,default,"[0,0,0,0,0,0,0,0,0,0,0,0,0,0,0,0,0,0,0,0,0,0,0,0,0,0,0,0,0,0,0,0,0,0,0,0,0,0,0,0,0,0,0,0,0,0,0,0,0,0,0,0,0,0,0,0,0,0,0,0]","[0,0,0,0,0,0,0,0,0,0,0,0,0,0,0,0,0,0,0,0,0,0,0,0,0,0,0,0,0,0,0,0,0,0,0,0,0,0,0,0,0,0,0,0,0,0,0,0,0,0,0,0,0,0,0,0,0,0,0,0]","[0,0,0,0,0,0,0,0,0,0,0,0,0,0,0,0,0,0,0,0,0,0,0,0,0,0,0,0,0,0,0,0,0,0,0,0,0,0,0,0,0,0,0,0,0,0,0,0,0,0,0,0,0,0,0,0,0,0,0,0]","[0,0,0,0,0,0,0,0,0,0,0,0,0,0,0,0,0,0,0,0,0,0,0,0,0,0,0,0,0,0,0,0,0,0,0,0,0,0,0,0,0,0,0,0,0,0,0,0,0,0,0,0,0,0,0,0,0,0,0,0]"
wide8,noop,workers-1,"[0,0,0,0,0,0,0,0,0,0,0,0,0,0,0,0,0,0,0,0,0,0,0,0,0,0,0,0,0,0,0,0,0,0,0,0,0,0,0,0,0,0,0,0,0,0,0,0,0,0,0,0,0,0,0,0,0,0,0,0]","[0,0,0,0,0,0,0,0,0,0,0,0,0,0,0,0,0,0,0,0,0,0,0,0,0,0,0,0,0,0,0,0,0,0,0,0,0,0,0,0,0,0,0,0,0,0,0,0,0,0,0,0,0,0,0,0,0,0,0,0]","[0,0,0,0,0,0,0,0,0,0,0,0,0,0,0,0,0,0,0,0,0,0,0,0,0,0,0,0,0,0,0,0,0,0,0,0,0,0,0,0,0,0,0,0,0,0,0,0,0,0,0,0,0,0,0,0,0,0,0,0]","[0,0,0,0,0,0,0,0,0,0,0,0,0,0,0,0,0,0,0,0,0,0,0,0,0,0,0,0,0,0,0,0,0,0,0,0,0,0,0,0,0,0,0,0,0,0,0,0,0,0,0,0,0,0,0,0,0,0,0,0]"
wide8,noop,workers-2,"[0,0,0,0,0,0,0,0,0,0,0,0,0,0,0,0,0,0,0,0,0,0,0,0,0,0,0,0,0,0,0,0,0,0,0,0,0,0,0,0,0,0,0,0,0,0,0,0,0,0,0,0,0,0,0,0,0,0,0,0]","[0,0,0,0,0,0,0,0,0,0,0,0,0,0,0,0,0,0,0,0,0,0,0,0,0,0,0,0,0,0,0,0,0,0,0,0,0,0,0,0,0,0,0,0,0,0,0,0,0,0,0,0,0,0,0,0,0,0,0,0]","[0,0,0,0,0,0,0,0,0,0,0,0,0,0,0,0,0,0,0,0,0,0,0,0,0,0,0,0,0,0,0,0,0,0,0,0,0,0,0,0,0,0,0,0,0,0,0,0,0,0,0,0,0,0,0,0,0,0,0,0]","[0,0,0,0,0,0,0,0,0,0,0,0,0,0,0,0,0,0,0,0,0,0,0,0,0,0,0,0,0,0,0,0,0,0,0,0,0,0,0,0,0,0,0,0,0,0,0,0,0,0,0,0,0,0,0,0,0,0,0,0]"
wide8,noop,workers-4,"[0,0,0,0,0,0,0,0,0,0,0,0,0,0,0,0,0,0,0,0,0,0,0,0,0,0,0,0,0,0,0,0,0,0,0,0,0,0,0,0,0,0,0,0,0,0,0,0,0,0,0,0,0,0,0,0,0,0,0,0]","[0,0,0,0,0,0,0,0,0,0,0,0,0,0,0,0,0,0,0,0,0,0,0,0,0,0,0,0,0,0,0,0,0,0,0,0,0,0,0,0,0,0,0,0,0,0,0,0,0,0,0,0,0,0,0,0,0,0,0,0]","[0,0,0,0,0,0,0,0,0,0,0,0,0,0,0,0,0,0,0,0,0,0,0,0,0,0,0,0,0,0,0,0,0,0,0,0,0,0,0,0,0,0,0,0,0,0,0,0,0,0,0,0,0,0,0,0,0,0,0,0]","[0,0,0,0,0,0,0,0,0,0,0,0,0,0,0,0,0,0,0,0,0,0,0,0,0,0,0,0,0,0,0,0,0,0,0,0,0,0,0,0,0,0,0,0,0,0,0,0,0,0,0,0,0,0,0,0,0,0,0,0]"
wide8,noop,workers-8,"[0,0,0,0,0,0,0,0,0,0,0,0,0,0,0,0,0,0,0,0,0,0,0,0,0,0,0,0,0,0,0,0,0,0,0,0,0,0,0,0,0,0,0,0,0,0,0,0,0,0,0,0,0,0,0,0,0,0,0,0]","[0,0,0,0,0,0,0,0,0,0,0,0,0,0,0,0,0,0,0,0,0,0,0,0,0,0,0,0,0,0,0,0,0,0,0,0,0,0,0,0,0,0,0,0,0,0,0,0,0,0,0,0,0,0,0,0,0,0,0,0]","[0,0,0,0,0,0,0,0,0,0,0,0,0,0,0,0,0,0,0,0,0,0,0,0,0,0,0,0,0,0,0,0,0,0,0,0,0,0,0,0,0,0,0,0,0,0,0,0,0,0,0,0,0,0,0,0,0,0,0,0]","[0,0,0,0,0,0,0,0,0,0,0,0,0,0,0,0,0,0,0,0,0,0,0,0,0,0,0,0,0,0,0,0,0,0,0,0,0,0,0,0,0,0,0,0,0,0,0,0,0,0,0,0,0,0,0,0,0,0,0,0]"
wide8,fresh,default,"[0,0,0]","[0,0,0]","[0,0,0]","[0,0,0]"
wide8,fresh,workers-1,"[2,2,2]","[51,53,183]","[3,3,3]","[38,41,44]"
wide8,fresh,workers-2,"[2,2,2]","[223,223,239]","[3,3,4]","[73,74,79]"
wide8,fresh,workers-4,"[2,2,2]","[160,237,242]","[3,4,4]","[35,77,95]"
wide8,fresh,workers-8,"[2,2,2]","[161,216,254]","[3,4,4]","[36,77,118]"
wide32,population,default,"[0,0,0]","[0,0,0]","[0,0,0]","[0,0,0]"
wide32,population,workers-1,"[1,2,2]","[53,58,59]","[3,3,3]","[49,53,54]"
wide32,population,workers-2,"[2,3,221]","[209,214,242]","[3,4,5]","[77,79,81]"
wide32,population,workers-4,"[2,2,2]","[169,182,202]","[3,3,3]","[54,57,70]"
wide32,population,workers-8,"[2,2,2]","[181,219,245]","[3,3,4]","[58,75,76]"
wide32,edit,default,"[0,0,0,0,0,0,0,0,0,0,0,0,0,0,0,0,0,0,0,0,0,0,0,0,0,0,0,0,0,0,0,0,0,0,0,0,0,0,0,0,0,0,0,0,0,0,0,0,0,0,0,0,0,0,0,0,0,0,0,0]","[0,0,0,0,0,0,0,0,0,0,0,0,0,0,0,0,0,0,0,0,0,0,0,0,0,0,0,0,0,0,0,0,0,0,0,0,0,0,0,0,0,0,0,0,0,0,0,0,0,0,0,0,0,0,0,0,0,0,0,0]","[0,0,0,0,0,0,0,0,0,0,0,0,0,0,0,0,0,0,0,0,0,0,0,0,0,0,0,0,0,0,0,0,0,0,0,0,0,0,0,0,0,0,0,0,0,0,0,0,0,0,0,0,0,0,0,0,0,0,0,0]","[0,0,0,0,0,0,0,0,0,0,0,0,0,0,0,0,0,0,0,0,0,0,0,0,0,0,0,0,0,0,0,0,0,0,0,0,0,0,0,0,0,0,0,0,0,0,0,0,0,0,0,0,0,0,0,0,0,0,0,0]"
wide32,edit,workers-1,"[1,1,1,1,1,1,1,1,1,1,1,1,1,1,1,1,1,1,1,1,1,1,1,1,1,1,1,1,1,1,1,1,1,1,1,1,1,1,1,1,1,1,1,1,1,1,1,1,1,1,1,1,1,1,1,1,1,1,3,30]","[38,38,38,38,38,38,38,39,39,39,39,39,39,39,39,39,39,39,39,39,39,39,40,40,40,40,40,40,40,40,40,40,40,40,40,40,40,40,40,40,40,40,41,41,41,41,41,41,41,42,42,42,42,42,43,44,47,54,75,79]","[2,2,2,2,2,2,2,2,2,2,2,2,2,2,2,2,2,2,2,2,2,2,2,2,2,2,2,2,2,2,2,2,2,2,2,2,2,2,2,2,2,2,2,2,2,2,2,2,2,2,2,2,2,2,2,2,2,3,3,21]","[37,37,37,37,37,37,38,38,38,38,38,38,38,38,38,38,38,38,38,39,39,39,39,39,39,39,39,39,39,39,39,39,39,39,39,39,39,39,39,39,39,40,40,40,40,40,40,40,40,41,41,41,41,41,42,43,46,53,74,78]"
wide32,edit,workers-2,"[1,1,1,1,1,1,1,1,1,1,1,1,1,1,1,1,1,1,1,1,1,1,1,1,1,1,1,1,1,1,1,1,1,1,1,1,1,1,1,1,1,1,1,1,1,1,1,1,1,1,1,1,1,1,1,1,1,1,1,1]","[51,52,53,53,57,57,59,60,63,64,65,68,68,68,69,70,70,70,70,70,71,72,73,74,74,75,75,75,76,76,77,77,78,79,80,80,80,81,81,81,82,83,84,84,87,88,88,91,93,93,97,99,101,107,118,118,137,168,175,195]","[2,2,2,2,2,2,2,2,2,2,2,2,2,2,2,2,2,2,2,2,2,2,3,3,3,3,3,3,3,3,3,3,3,3,3,3,3,3,3,3,3,3,3,3,3,3,3,3,3,3,3,3,3,3,3,3,4,4,4,80]","[39,40,40,40,40,40,40,41,46,47,47,48,48,48,49,49,49,52,52,52,52,52,52,53,53,53,53,53,53,54,54,54,55,55,56,56,56,56,56,56,57,58,58,58,58,60,60,60,61,63,63,67,67,67,71,90,105,112,161,264]"
wide32,edit,workers-4,"[1,1,1,1,1,1,1,1,1,1,1,1,1,1,1,1,1,1,1,1,1,1,1,1,1,1,1,1,1,1,1,1,1,1,1,1,1,1,1,1,1,1,1,1,1,1,1,1,1,1,1,1,1,1,1,1,1,1,1,2]","[50,55,58,59,59,59,62,63,63,63,66,67,68,69,70,70,72,73,74,75,75,75,75,76,77,78,78,78,78,78,79,81,83,83,83,85,85,85,85,87,88,88,89,89,91,91,91,93,97,98,100,108,110,112,113,116,119,219,469,1045]","[2,2,2,2,2,2,2,2,2,3,3,3,3,3,3,3,3,3,3,3,3,3,3,3,3,3,3,3,3,3,3,3,3,3,3,3,3,3,3,3,3,3,3,3,3,3,3,3,3,3,3,3,3,3,3,4,4,4,4,6]","[40,41,46,46,48,48,48,49,49,50,50,51,51,51,51,51,53,53,53,54,54,54,54,55,56,56,56,56,57,58,58,59,59,61,61,61,61,61,61,62,62,62,62,62,62,62,63,63,63,63,64,64,64,65,67,67,68,68,233,1054]"
wide32,edit,workers-8,"[1,1,1,1,1,1,1,1,1,1,1,1,1,1,1,1,1,1,1,1,1,1,1,1,1,1,1,1,1,1,1,1,1,1,1,1,1,1,1,1,1,1,1,1,1,1,1,1,1,1,1,1,1,1,1,1,1,1,1,1]","[53,54,54,55,57,60,60,62,63,64,64,65,65,65,65,67,70,71,71,71,73,74,74,75,75,75,75,75,76,77,78,78,79,80,82,82,82,82,85,86,87,88,89,89,90,91,96,96,101,101,101,107,112,134,144,145,150,151,271,835]","[2,2,2,2,2,2,2,2,2,2,2,2,2,2,3,3,3,3,3,3,3,3,3,3,3,3,3,3,3,3,3,3,3,3,3,3,3,3,3,3,3,3,3,3,3,3,3,3,3,3,3,3,3,3,3,4,4,4,17,57]","[39,39,40,40,40,41,41,45,45,48,48,49,50,50,51,51,51,53,53,53,53,53,53,53,54,54,54,54,54,55,55,56,56,56,56,57,58,59,59,59,59,61,62,62,63,63,63,65,65,66,67,67,71,80,87,97,110,111,116,227]"
wide32,revert,default,"[0,0,0,0,0,0,0,0,0,0,0,0,0,0,0,0,0,0,0,0,0,0,0,0,0,0,0,0,0,0,0,0,0,0,0,0,0,0,0,0,0,0,0,0,0,0,0,0,0,0,0,0,0,0,0,0,0,0,0,0]","[0,0,0,0,0,0,0,0,0,0,0,0,0,0,0,0,0,0,0,0,0,0,0,0,0,0,0,0,0,0,0,0,0,0,0,0,0,0,0,0,0,0,0,0,0,0,0,0,0,0,0,0,0,0,0,0,0,0,0,0]","[0,0,0,0,0,0,0,0,0,0,0,0,0,0,0,0,0,0,0,0,0,0,0,0,0,0,0,0,0,0,0,0,0,0,0,0,0,0,0,0,0,0,0,0,0,0,0,0,0,0,0,0,0,0,0,0,0,0,0,0]","[0,0,0,0,0,0,0,0,0,0,0,0,0,0,0,0,0,0,0,0,0,0,0,0,0,0,0,0,0,0,0,0,0,0,0,0,0,0,0,0,0,0,0,0,0,0,0,0,0,0,0,0,0,0,0,0,0,0,0,0]"
wide32,revert,workers-1,"[1,1,1,1,1,1,1,1,1,1,1,1,1,1,1,1,1,1,1,1,1,1,1,1,1,1,1,1,1,1,1,1,1,1,1,1,1,1,1,1,1,1,1,1,1,1,1,1,1,1,1,1,1,1,1,1,1,1,1,1]","[38,38,38,38,38,38,38,38,39,39,39,39,39,39,39,39,39,39,39,39,39,39,39,40,40,40,40,40,40,40,40,40,40,40,40,40,40,40,40,40,40,40,40,40,40,41,41,41,41,41,41,42,42,42,42,45,64,78,104,116]","[2,2,2,2,2,2,2,2,2,2,2,2,2,2,2,2,2,2,2,2,2,2,2,2,2,2,2,2,2,2,2,2,2,2,2,2,2,2,2,2,2,2,2,2,2,2,2,2,2,2,2,2,2,2,2,2,2,2,3,3]","[37,37,37,37,37,37,37,37,38,38,38,38,38,38,39,39,39,39,39,39,39,39,39,39,39,39,39,39,39,39,39,39,39,39,39,39,39,39,39,39,39,39,39,40,40,40,40,40,40,40,41,41,41,41,41,44,63,77,103,115]"
wide32,revert,workers-2,"[1,1,1,1,1,1,1,1,1,1,1,1,1,1,1,1,1,1,1,1,1,1,1,1,1,1,1,1,1,1,1,1,1,1,1,1,1,1,1,1,1,1,1,1,1,1,1,1,1,1,1,1,1,1,1,1,1,1,1,1]","[42,51,52,53,55,56,56,56,57,59,61,63,63,63,64,64,64,66,66,67,67,68,68,68,68,70,71,72,72,72,72,74,74,74,74,75,75,76,79,81,81,82,83,83,84,85,85,86,86,86,90,93,94,95,110,115,131,161,172,263]","[2,2,2,2,2,2,2,2,2,2,2,2,2,2,2,2,2,2,2,2,2,2,2,2,2,2,2,2,2,3,3,3,3,3,3,3,3,3,3,3,3,3,3,3,3,3,3,3,3,3,3,3,3,3,3,3,4,4,4,5]","[39,39,40,40,40,40,40,40,40,41,41,41,41,41,44,47,47,47,47,48,48,48,48,49,49,50,50,50,50,51,51,51,51,52,53,53,54,54,55,55,55,55,56,56,57,57,58,58,58,58,59,59,67,69,69,88,104,110,131,437]"
wide32,revert,workers-4,"[1,1,1,1,1,1,1,1,1,1,1,1,1,1,1,1,1,1,1,1,1,1,1,1,1,1,1,1,1,1,1,1,1,1,1,1,1,1,1,1,1,1,1,1,1,1,1,1,1,1,1,1,1,1,1,1,1,1,1,1]","[55,55,56,57,58,59,60,61,63,64,64,65,66,67,67,68,69,69,70,71,72,75,75,75,75,76,76,79,79,80,80,82,82,83,84,84,85,85,86,86,87,87,88,88,88,89,90,90,90,91,92,93,95,96,99,105,109,123,124,213]","[2,2,2,2,2,2,2,2,2,2,3,3,3,3,3,3,3,3,3,3,3,3,3,3,3,3,3,3,3,3,3,3,3,3,3,3,3,3,3,3,3,3,3,3,3,3,3,3,3,3,3,3,3,3,4,4,4,6,7,29]","[39,40,41,42,45,46,46,48,49,49,50,50,51,51,51,52,52,52,52,52,52,53,54,54,56,57,57,57,58,59,60,60,60,61,61,61,62,62,62,62,62,62,62,63,63,63,63,63,63,64,64,65,66,68,71,77,79,82,149,221]"
wide32,revert,workers-8,"[1,1,1,1,1,1,1,1,1,1,1,1,1,1,1,1,1,1,1,1,1,1,1,1,1,1,1,1,1,1,1,1,1,1,1,1,1,1,1,1,1,1,1,1,1,1,1,1,1,1,1,1,1,1,1,1,1,1,1,2]","[53,53,57,59,62,62,62,64,65,66,66,67,67,67,68,68,68,72,72,73,73,73,74,76,76,77,77,77,78,78,79,79,80,81,83,83,85,85,86,86,86,87,87,89,90,90,94,94,94,98,100,104,105,116,117,122,126,136,159,1963]","[2,2,2,2,2,2,2,2,2,2,2,2,2,2,2,2,3,3,3,3,3,3,3,3,3,3,3,3,3,3,3,3,3,3,3,3,3,3,3,3,3,3,3,3,3,3,3,3,3,3,3,3,3,3,3,3,3,4,4,24]","[40,40,41,41,41,44,46,47,48,48,49,49,50,51,51,51,52,52,52,52,53,53,54,54,54,55,56,57,57,57,58,58,58,58,59,59,59,59,60,60,60,61,61,61,62,62,62,62,63,63,64,66,68,69,70,74,85,88,104,1870]"
wide32,noop,default,"[0,0,0,0,0,0,0,0,0,0,0,0,0,0,0,0,0,0,0,0,0,0,0,0,0,0,0,0,0,0,0,0,0,0,0,0,0,0,0,0,0,0,0,0,0,0,0,0,0,0,0,0,0,0,0,0,0,0,0,0]","[0,0,0,0,0,0,0,0,0,0,0,0,0,0,0,0,0,0,0,0,0,0,0,0,0,0,0,0,0,0,0,0,0,0,0,0,0,0,0,0,0,0,0,0,0,0,0,0,0,0,0,0,0,0,0,0,0,0,0,0]","[0,0,0,0,0,0,0,0,0,0,0,0,0,0,0,0,0,0,0,0,0,0,0,0,0,0,0,0,0,0,0,0,0,0,0,0,0,0,0,0,0,0,0,0,0,0,0,0,0,0,0,0,0,0,0,0,0,0,0,0]","[0,0,0,0,0,0,0,0,0,0,0,0,0,0,0,0,0,0,0,0,0,0,0,0,0,0,0,0,0,0,0,0,0,0,0,0,0,0,0,0,0,0,0,0,0,0,0,0,0,0,0,0,0,0,0,0,0,0,0,0]"
wide32,noop,workers-1,"[0,0,0,0,0,0,0,0,0,0,0,0,0,0,0,0,0,0,0,0,0,0,0,0,0,0,0,0,0,0,0,0,0,0,0,0,0,0,0,0,0,0,0,0,0,0,0,0,0,0,0,0,0,0,0,0,0,0,0,0]","[0,0,0,0,0,0,0,0,0,0,0,0,0,0,0,0,0,0,0,0,0,0,0,0,0,0,0,0,0,0,0,0,0,0,0,0,0,0,0,0,0,0,0,0,0,0,0,0,0,0,0,0,0,0,0,0,0,0,0,0]","[0,0,0,0,0,0,0,0,0,0,0,0,0,0,0,0,0,0,0,0,0,0,0,0,0,0,0,0,0,0,0,0,0,0,0,0,0,0,0,0,0,0,0,0,0,0,0,0,0,0,0,0,0,0,0,0,0,0,0,0]","[0,0,0,0,0,0,0,0,0,0,0,0,0,0,0,0,0,0,0,0,0,0,0,0,0,0,0,0,0,0,0,0,0,0,0,0,0,0,0,0,0,0,0,0,0,0,0,0,0,0,0,0,0,0,0,0,0,0,0,0]"
wide32,noop,workers-2,"[0,0,0,0,0,0,0,0,0,0,0,0,0,0,0,0,0,0,0,0,0,0,0,0,0,0,0,0,0,0,0,0,0,0,0,0,0,0,0,0,0,0,0,0,0,0,0,0,0,0,0,0,0,0,0,0,0,0,0,0]","[0,0,0,0,0,0,0,0,0,0,0,0,0,0,0,0,0,0,0,0,0,0,0,0,0,0,0,0,0,0,0,0,0,0,0,0,0,0,0,0,0,0,0,0,0,0,0,0,0,0,0,0,0,0,0,0,0,0,0,0]","[0,0,0,0,0,0,0,0,0,0,0,0,0,0,0,0,0,0,0,0,0,0,0,0,0,0,0,0,0,0,0,0,0,0,0,0,0,0,0,0,0,0,0,0,0,0,0,0,0,0,0,0,0,0,0,0,0,0,0,0]","[0,0,0,0,0,0,0,0,0,0,0,0,0,0,0,0,0,0,0,0,0,0,0,0,0,0,0,0,0,0,0,0,0,0,0,0,0,0,0,0,0,0,0,0,0,0,0,0,0,0,0,0,0,0,0,0,0,0,0,0]"
wide32,noop,workers-4,"[0,0,0,0,0,0,0,0,0,0,0,0,0,0,0,0,0,0,0,0,0,0,0,0,0,0,0,0,0,0,0,0,0,0,0,0,0,0,0,0,0,0,0,0,0,0,0,0,0,0,0,0,0,0,0,0,0,0,0,0]","[0,0,0,0,0,0,0,0,0,0,0,0,0,0,0,0,0,0,0,0,0,0,0,0,0,0,0,0,0,0,0,0,0,0,0,0,0,0,0,0,0,0,0,0,0,0,0,0,0,0,0,0,0,0,0,0,0,0,0,0]","[0,0,0,0,0,0,0,0,0,0,0,0,0,0,0,0,0,0,0,0,0,0,0,0,0,0,0,0,0,0,0,0,0,0,0,0,0,0,0,0,0,0,0,0,0,0,0,0,0,0,0,0,0,0,0,0,0,0,0,0]","[0,0,0,0,0,0,0,0,0,0,0,0,0,0,0,0,0,0,0,0,0,0,0,0,0,0,0,0,0,0,0,0,0,0,0,0,0,0,0,0,0,0,0,0,0,0,0,0,0,0,0,0,0,0,0,0,0,0,0,0]"
wide32,noop,workers-8,"[0,0,0,0,0,0,0,0,0,0,0,0,0,0,0,0,0,0,0,0,0,0,0,0,0,0,0,0,0,0,0,0,0,0,0,0,0,0,0,0,0,0,0,0,0,0,0,0,0,0,0,0,0,0,0,0,0,0,0,0]","[0,0,0,0,0,0,0,0,0,0,0,0,0,0,0,0,0,0,0,0,0,0,0,0,0,0,0,0,0,0,0,0,0,0,0,0,0,0,0,0,0,0,0,0,0,0,0,0,0,0,0,0,0,0,0,0,0,0,0,0]","[0,0,0,0,0,0,0,0,0,0,0,0,0,0,0,0,0,0,0,0,0,0,0,0,0,0,0,0,0,0,0,0,0,0,0,0,0,0,0,0,0,0,0,0,0,0,0,0,0,0,0,0,0,0,0,0,0,0,0,0]","[0,0,0,0,0,0,0,0,0,0,0,0,0,0,0,0,0,0,0,0,0,0,0,0,0,0,0,0,0,0,0,0,0,0,0,0,0,0,0,0,0,0,0,0,0,0,0,0,0,0,0,0,0,0,0,0,0,0,0,0]"
wide32,fresh,default,"[0,0,0]","[0,0,0]","[0,0,0]","[0,0,0]"
wide32,fresh,workers-1,"[2,2,2]","[56,60,253]","[3,3,3]","[52,56,248]"
wide32,fresh,workers-2,"[2,2,2]","[201,208,422]","[3,3,5]","[74,79,112]"
wide32,fresh,workers-4,"[2,2,3]","[192,256,273]","[3,3,5]","[59,77,77]"
wide32,fresh,workers-8,"[2,2,3]","[200,222,224]","[3,3,5]","[80,81,95]"
wide128,population,default,"[0,0,0]","[0,0,0]","[0,0,0]","[0,0,0]"
wide128,population,workers-1,"[2,2,2]","[146,149,154]","[3,3,3]","[138,140,144]"
wide128,population,workers-2,"[2,2,2]","[305,376,463]","[3,4,4]","[200,264,422]"
wide128,population,workers-4,"[2,2,2]","[282,314,368]","[4,4,5]","[197,244,297]"
wide128,population,workers-8,"[2,2,3]","[299,322,537]","[4,4,5]","[261,295,413]"
wide128,edit,default,"[0,0,0,0,0,0,0,0,0,0,0,0,0,0,0,0,0,0,0,0,0,0,0,0,0,0,0,0,0,0,0,0,0,0,0,0,0,0,0,0,0,0,0,0,0,0,0,0,0,0,0,0,0,0,0,0,0,0,0,0]","[0,0,0,0,0,0,0,0,0,0,0,0,0,0,0,0,0,0,0,0,0,0,0,0,0,0,0,0,0,0,0,0,0,0,0,0,0,0,0,0,0,0,0,0,0,0,0,0,0,0,0,0,0,0,0,0,0,0,0,0]","[0,0,0,0,0,0,0,0,0,0,0,0,0,0,0,0,0,0,0,0,0,0,0,0,0,0,0,0,0,0,0,0,0,0,0,0,0,0,0,0,0,0,0,0,0,0,0,0,0,0,0,0,0,0,0,0,0,0,0,0]","[0,0,0,0,0,0,0,0,0,0,0,0,0,0,0,0,0,0,0,0,0,0,0,0,0,0,0,0,0,0,0,0,0,0,0,0,0,0,0,0,0,0,0,0,0,0,0,0,0,0,0,0,0,0,0,0,0,0,0,0]"
wide128,edit,workers-1,"[1,1,1,1,1,1,1,1,1,1,1,1,1,1,1,1,1,1,1,1,1,1,1,1,1,1,1,1,1,1,1,1,1,1,1,1,1,1,1,1,1,1,1,1,1,1,1,1,1,1,1,1,1,1,1,1,1,1,2,2]","[127,128,129,129,129,129,129,129,130,130,130,130,130,130,130,130,130,130,131,131,131,131,131,132,132,132,132,132,134,134,134,134,134,135,135,135,136,136,136,137,137,137,138,138,139,139,140,140,141,142,142,143,148,156,163,170,185,211,253,13200]","[2,2,2,2,2,2,2,2,2,2,2,2,2,2,2,2,2,2,2,2,2,2,2,2,2,2,2,2,2,2,2,2,2,2,2,2,2,2,2,2,2,2,2,2,2,2,3,3,3,3,3,3,3,3,3,3,3,3,4,66]","[118,119,119,119,119,119,120,120,120,120,120,120,120,120,120,120,120,121,121,121,121,121,121,121,122,122,122,122,122,122,122,123,123,123,123,124,124,125,125,125,125,125,127,127,127,128,128,128,128,129,129,130,135,144,149,155,174,196,240,13171]"
wide128,edit,workers-2,"[1,1,1,1,1,1,1,1,1,1,1,1,1,1,1,1,1,1,1,1,1,1,1,1,1,1,1,1,1,1,1,1,1,1,1,1,1,1,1,1,1,1,1,1,1,1,1,1,1,1,1,1,1,1,1,1,1,1,1,103]","[108,122,124,125,130,130,131,132,132,133,134,134,135,135,136,136,136,138,139,139,140,140,141,142,142,142,143,145,146,147,148,148,149,149,151,151,152,157,159,160,161,168,168,180,181,182,182,184,185,189,192,196,203,210,214,229,242,242,245,299]","[2,3,3,3,3,3,3,3,3,3,3,3,3,3,3,3,3,3,3,3,3,3,3,3,3,3,3,3,3,3,3,3,3,3,3,3,3,3,3,3,3,3,3,3,3,3,3,3,3,3,3,4,4,4,4,4,4,6,7,17]","[119,122,131,132,132,133,135,136,136,138,138,138,139,140,140,140,141,142,142,143,144,146,147,147,148,148,149,149,149,150,150,150,151,151,152,155,155,156,156,157,157,160,161,162,163,171,172,175,176,178,186,193,194,208,210,213,219,224,276,312]"
wide128,edit,workers-4,"[1,1,1,1,1,1,1,1,1,1,1,1,1,1,1,1,1,1,1,1,1,1,1,1,1,1,1,1,1,1,1,1,1,1,1,1,1,1,1,1,1,1,1,1,1,1,1,1,1,1,1,1,1,1,1,1,2,2,2,2]","[124,126,129,129,130,132,132,134,135,137,138,141,141,142,142,143,144,146,146,147,147,148,151,152,152,155,155,158,158,161,162,163,164,165,165,166,167,169,170,172,177,180,183,183,184,190,193,195,197,213,219,232,238,248,249,288,368,1030,1319,1586]","[2,3,3,3,3,3,3,3,3,3,3,3,3,3,3,3,3,3,3,3,3,3,3,3,3,3,3,3,3,3,3,3,3,3,3,3,3,3,4,4,4,4,4,4,4,4,4,4,4,4,4,4,4,4,4,4,4,4,4,5]","[124,132,133,133,135,138,138,139,140,140,142,142,142,142,144,144,145,147,147,147,148,148,149,149,149,150,156,158,178,182,182,186,187,189,190,191,191,191,191,192,193,194,194,196,198,204,210,216,216,220,223,241,262,264,279,311,361,662,1082,1320]"
wide128,edit,workers-8,"[1,1,1,1,1,1,1,1,1,1,1,1,1,1,1,1,1,1,1,1,1,1,1,1,1,1,1,1,1,1,1,1,1,1,1,1,1,1,1,1,1,1,1,1,1,1,1,1,1,1,1,2,2,2,2,2,2,2,2,104]","[115,126,126,129,129,133,134,137,138,144,149,153,156,157,158,159,160,162,163,165,167,167,168,171,172,173,176,176,176,177,177,177,178,179,181,182,182,186,187,187,187,189,191,192,193,193,196,196,203,203,203,210,226,228,231,238,240,251,293,837]","[2,3,3,3,3,3,3,3,3,3,3,3,3,3,3,3,3,3,3,3,3,4,4,4,4,4,4,4,4,4,4,4,4,4,4,4,4,4,4,4,4,4,4,4,4,4,4,4,4,4,4,4,4,4,5,5,5,5,5,15]","[120,123,125,126,133,136,137,137,138,138,140,143,144,146,147,150,153,163,165,173,180,186,187,187,189,189,190,191,193,194,194,194,197,198,199,203,206,207,208,209,209,210,212,214,216,217,218,219,220,222,223,223,224,229,240,280,290,298,341,421]"
wide128,revert,default,"[0,0,0,0,0,0,0,0,0,0,0,0,0,0,0,0,0,0,0,0,0,0,0,0,0,0,0,0,0,0,0,0,0,0,0,0,0,0,0,0,0,0,0,0,0,0,0,0,0,0,0,0,0,0,0,0,0,0,0,0]","[0,0,0,0,0,0,0,0,0,0,0,0,0,0,0,0,0,0,0,0,0,0,0,0,0,0,0,0,0,0,0,0,0,0,0,0,0,0,0,0,0,0,0,0,0,0,0,0,0,0,0,0,0,0,0,0,0,0,0,0]","[0,0,0,0,0,0,0,0,0,0,0,0,0,0,0,0,0,0,0,0,0,0,0,0,0,0,0,0,0,0,0,0,0,0,0,0,0,0,0,0,0,0,0,0,0,0,0,0,0,0,0,0,0,0,0,0,0,0,0,0]","[0,0,0,0,0,0,0,0,0,0,0,0,0,0,0,0,0,0,0,0,0,0,0,0,0,0,0,0,0,0,0,0,0,0,0,0,0,0,0,0,0,0,0,0,0,0,0,0,0,0,0,0,0,0,0,0,0,0,0,0]"
wide128,revert,workers-1,"[1,1,1,1,1,1,1,1,1,1,1,1,1,1,1,1,1,1,1,1,1,1,1,1,1,1,1,1,1,1,1,1,1,1,1,1,1,1,1,1,1,1,1,1,1,1,1,1,1,1,1,1,1,1,1,1,1,1,1,1]","[128,129,129,129,129,130,130,130,131,131,131,131,132,132,132,132,132,132,133,133,133,133,133,133,134,134,134,135,135,135,135,135,135,136,136,136,136,137,138,143,149,150,152,155,155,157,158,170,170,170,171,173,176,189,190,191,194,215,219,228]","[2,2,2,2,2,2,2,2,2,2,2,2,2,2,2,2,2,2,2,2,2,2,2,2,2,2,2,2,2,2,2,2,2,2,2,2,2,2,2,2,2,2,3,3,3,3,3,3,3,3,3,3,3,3,3,3,3,3,3,3]","[118,119,119,119,119,119,119,119,120,120,120,120,120,121,121,121,122,122,122,122,123,123,123,123,123,124,124,124,124,124,124,124,124,124,125,125,125,126,127,129,131,137,138,142,144,145,146,148,157,158,159,159,164,176,178,179,180,195,202,205]"
wide128,revert,workers-2,"[1,1,1,1,1,1,1,1,1,1,1,1,1,1,1,1,1,1,1,1,1,1,1,1,1,1,1,1,1,1,1,1,1,1,1,1,1,1,1,1,1,1,1,1,1,1,1,1,1,1,1,1,1,1,1,1,1,1,2,14]","[112,128,128,129,130,130,130,130,131,132,133,135,135,137,137,137,138,138,138,140,141,142,142,143,144,145,145,145,146,146,147,148,148,149,150,150,151,152,153,154,155,156,158,161,163,171,173,174,176,181,187,214,216,222,225,227,233,244,261,634]","[3,3,3,3,3,3,3,3,3,3,3,3,3,3,3,3,3,3,3,3,3,3,3,3,3,3,3,3,3,3,3,3,3,3,3,3,3,3,3,3,3,3,3,3,3,3,3,3,3,3,3,3,3,4,4,4,5,5,24,71]","[117,120,124,126,128,132,132,133,134,134,135,135,135,137,137,139,140,141,141,142,143,143,144,144,146,147,147,148,149,149,150,151,151,153,153,154,154,155,156,157,158,158,159,160,160,161,162,165,165,168,190,200,205,207,208,214,222,237,251,251]"
wide128,revert,workers-4,"[1,1,1,1,1,1,1,1,1,1,1,1,1,1,1,1,1,1,1,1,1,1,1,1,1,1,1,1,1,1,1,1,1,1,1,1,1,1,1,1,1,1,1,1,1,1,1,1,1,1,1,1,1,1,1,1,1,1,2,2]","[117,123,125,126,129,129,130,130,131,131,133,134,136,139,146,149,153,154,154,157,157,163,163,163,165,166,167,170,170,174,174,174,177,177,177,178,179,183,183,183,185,187,188,188,189,191,194,195,196,200,211,214,222,240,242,252,278,285,549,565]","[3,3,3,3,3,3,3,3,3,3,3,3,3,3,3,3,3,3,3,3,3,3,3,3,3,3,3,3,3,3,3,3,3,3,3,3,3,3,3,3,3,4,4,4,4,4,4,4,4,4,4,4,4,4,4,4,4,4,4,4]","[124,124,126,126,130,134,136,136,136,137,137,138,138,138,138,138,139,142,142,144,147,147,149,153,156,156,157,160,164,166,172,184,186,186,186,188,188,192,194,195,198,202,206,207,210,210,213,216,217,225,225,227,229,235,235,239,252,264,317,594]"
wide128,revert,workers-8,"[1,1,1,1,1,1,1,1,1,1,1,1,1,1,1,1,1,1,1,1,1,1,1,1,1,1,1,1,1,1,1,1,1,1,1,1,1,1,1,1,1,1,1,1,1,1,1,1,1,1,1,1,2,2,2,2,2,2,2,24]","[132,136,138,138,138,143,145,147,148,148,151,152,153,161,161,166,166,167,168,170,170,170,174,176,177,178,178,178,180,182,183,184,184,184,185,186,187,188,191,192,193,196,197,198,198,199,200,202,202,208,214,214,224,226,227,242,316,413,463,642]","[3,3,3,3,3,3,3,3,3,3,3,3,3,3,3,3,3,3,3,3,3,3,4,4,4,4,4,4,4,4,4,4,4,4,4,4,4,4,4,4,4,4,4,4,4,4,4,4,4,4,4,4,4,4,4,5,5,5,5,64]","[125,137,140,141,147,148,150,150,151,151,152,153,158,160,166,177,177,177,178,178,186,188,189,190,190,191,192,193,194,194,194,194,194,196,200,205,206,206,211,211,213,214,215,216,218,219,224,229,232,233,233,237,246,252,263,291,304,305,421,423]"
wide128,noop,default,"[0,0,0,0,0,0,0,0,0,0,0,0,0,0,0,0,0,0,0,0,0,0,0,0,0,0,0,0,0,0,0,0,0,0,0,0,0,0,0,0,0,0,0,0,0,0,0,0,0,0,0,0,0,0,0,0,0,0,0,0]","[0,0,0,0,0,0,0,0,0,0,0,0,0,0,0,0,0,0,0,0,0,0,0,0,0,0,0,0,0,0,0,0,0,0,0,0,0,0,0,0,0,0,0,0,0,0,0,0,0,0,0,0,0,0,0,0,0,0,0,0]","[0,0,0,0,0,0,0,0,0,0,0,0,0,0,0,0,0,0,0,0,0,0,0,0,0,0,0,0,0,0,0,0,0,0,0,0,0,0,0,0,0,0,0,0,0,0,0,0,0,0,0,0,0,0,0,0,0,0,0,0]","[0,0,0,0,0,0,0,0,0,0,0,0,0,0,0,0,0,0,0,0,0,0,0,0,0,0,0,0,0,0,0,0,0,0,0,0,0,0,0,0,0,0,0,0,0,0,0,0,0,0,0,0,0,0,0,0,0,0,0,0]"
wide128,noop,workers-1,"[0,0,0,0,0,0,0,0,0,0,0,0,0,0,0,0,0,0,0,0,0,0,0,0,0,0,0,0,0,0,0,0,0,0,0,0,0,0,0,0,0,0,0,0,0,0,0,0,0,0,0,0,0,0,0,0,0,0,0,0]","[0,0,0,0,0,0,0,0,0,0,0,0,0,0,0,0,0,0,0,0,0,0,0,0,0,0,0,0,0,0,0,0,0,0,0,0,0,0,0,0,0,0,0,0,0,0,0,0,0,0,0,0,0,0,0,0,0,0,0,0]","[0,0,0,0,0,0,0,0,0,0,0,0,0,0,0,0,0,0,0,0,0,0,0,0,0,0,0,0,0,0,0,0,0,0,0,0,0,0,0,0,0,0,0,0,0,0,0,0,0,0,0,0,0,0,0,0,0,0,0,0]","[0,0,0,0,0,0,0,0,0,0,0,0,0,0,0,0,0,0,0,0,0,0,0,0,0,0,0,0,0,0,0,0,0,0,0,0,0,0,0,0,0,0,0,0,0,0,0,0,0,0,0,0,0,0,0,0,0,0,0,0]"
wide128,noop,workers-2,"[0,0,0,0,0,0,0,0,0,0,0,0,0,0,0,0,0,0,0,0,0,0,0,0,0,0,0,0,0,0,0,0,0,0,0,0,0,0,0,0,0,0,0,0,0,0,0,0,0,0,0,0,0,0,0,0,0,0,0,0]","[0,0,0,0,0,0,0,0,0,0,0,0,0,0,0,0,0,0,0,0,0,0,0,0,0,0,0,0,0,0,0,0,0,0,0,0,0,0,0,0,0,0,0,0,0,0,0,0,0,0,0,0,0,0,0,0,0,0,0,0]","[0,0,0,0,0,0,0,0,0,0,0,0,0,0,0,0,0,0,0,0,0,0,0,0,0,0,0,0,0,0,0,0,0,0,0,0,0,0,0,0,0,0,0,0,0,0,0,0,0,0,0,0,0,0,0,0,0,0,0,0]","[0,0,0,0,0,0,0,0,0,0,0,0,0,0,0,0,0,0,0,0,0,0,0,0,0,0,0,0,0,0,0,0,0,0,0,0,0,0,0,0,0,0,0,0,0,0,0,0,0,0,0,0,0,0,0,0,0,0,0,0]"
wide128,noop,workers-4,"[0,0,0,0,0,0,0,0,0,0,0,0,0,0,0,0,0,0,0,0,0,0,0,0,0,0,0,0,0,0,0,0,0,0,0,0,0,0,0,0,0,0,0,0,0,0,0,0,0,0,0,0,0,0,0,0,0,0,0,0]","[0,0,0,0,0,0,0,0,0,0,0,0,0,0,0,0,0,0,0,0,0,0,0,0,0,0,0,0,0,0,0,0,0,0,0,0,0,0,0,0,0,0,0,0,0,0,0,0,0,0,0,0,0,0,0,0,0,0,0,0]","[0,0,0,0,0,0,0,0,0,0,0,0,0,0,0,0,0,0,0,0,0,0,0,0,0,0,0,0,0,0,0,0,0,0,0,0,0,0,0,0,0,0,0,0,0,0,0,0,0,0,0,0,0,0,0,0,0,0,0,0]","[0,0,0,0,0,0,0,0,0,0,0,0,0,0,0,0,0,0,0,0,0,0,0,0,0,0,0,0,0,0,0,0,0,0,0,0,0,0,0,0,0,0,0,0,0,0,0,0,0,0,0,0,0,0,0,0,0,0,0,0]"
wide128,noop,workers-8,"[0,0,0,0,0,0,0,0,0,0,0,0,0,0,0,0,0,0,0,0,0,0,0,0,0,0,0,0,0,0,0,0,0,0,0,0,0,0,0,0,0,0,0,0,0,0,0,0,0,0,0,0,0,0,0,0,0,0,0,0]","[0,0,0,0,0,0,0,0,0,0,0,0,0,0,0,0,0,0,0,0,0,0,0,0,0,0,0,0,0,0,0,0,0,0,0,0,0,0,0,0,0,0,0,0,0,0,0,0,0,0,0,0,0,0,0,0,0,0,0,0]","[0,0,0,0,0,0,0,0,0,0,0,0,0,0,0,0,0,0,0,0,0,0,0,0,0,0,0,0,0,0,0,0,0,0,0,0,0,0,0,0,0,0,0,0,0,0,0,0,0,0,0,0,0,0,0,0,0,0,0,0]","[0,0,0,0,0,0,0,0,0,0,0,0,0,0,0,0,0,0,0,0,0,0,0,0,0,0,0,0,0,0,0,0,0,0,0,0,0,0,0,0,0,0,0,0,0,0,0,0,0,0,0,0,0,0,0,0,0,0,0,0]"
wide128,fresh,default,"[0,0,0]","[0,0,0]","[0,0,0]","[0,0,0]"
wide128,fresh,workers-1,"[2,2,2]","[147,149,150]","[3,3,3]","[137,138,138]"
wide128,fresh,workers-2,"[2,2,3]","[281,483,836]","[4,4,4]","[212,249,802]"
wide128,fresh,workers-4,"[2,2,3]","[316,376,482]","[5,5,5]","[200,264,266]"
wide128,fresh,workers-8,"[2,2,2]","[298,327,423]","[4,4,4]","[229,277,296]"
dependency32,population,default,"[0,0,0]","[0,0,0]","[0,0,0]","[0,0,0]"
dependency32,population,workers-1,"[2,2,3]","[56,57,58]","[3,3,3]","[52,52,54]"
dependency32,population,workers-2,"[2,2,3]","[219,222,393]","[3,3,6]","[52,73,81]"
dependency32,population,workers-4,"[2,3,4]","[195,211,331]","[3,4,5]","[73,73,85]"
dependency32,population,workers-8,"[2,2,3]","[186,196,223]","[2,3,4]","[52,74,79]"
dependency32,edit,default,"[0,0,0,0,0,0,0,0,0,0,0,0,0,0,0,0,0,0,0,0,0,0,0,0,0,0,0,0,0,0,0,0,0,0,0,0,0,0,0,0,0,0,0,0,0,0,0,0,0,0,0,0,0,0,0,0,0,0,0,0]","[0,0,0,0,0,0,0,0,0,0,0,0,0,0,0,0,0,0,0,0,0,0,0,0,0,0,0,0,0,0,0,0,0,0,0,0,0,0,0,0,0,0,0,0,0,0,0,0,0,0,0,0,0,0,0,0,0,0,0,0]","[0,0,0,0,0,0,0,0,0,0,0,0,0,0,0,0,0,0,0,0,0,0,0,0,0,0,0,0,0,0,0,0,0,0,0,0,0,0,0,0,0,0,0,0,0,0,0,0,0,0,0,0,0,0,0,0,0,0,0,0]","[0,0,0,0,0,0,0,0,0,0,0,0,0,0,0,0,0,0,0,0,0,0,0,0,0,0,0,0,0,0,0,0,0,0,0,0,0,0,0,0,0,0,0,0,0,0,0,0,0,0,0,0,0,0,0,0,0,0,0,0]"
dependency32,edit,workers-1,"[1,1,1,1,1,1,1,1,1,1,1,1,1,1,1,1,1,1,1,1,1,1,1,1,1,1,1,1,1,1,1,1,1,1,1,1,1,1,1,1,1,1,1,1,1,1,1,1,1,1,1,1,1,1,1,1,1,1,2,2]","[38,38,38,38,39,39,39,39,39,39,40,40,40,40,40,40,40,40,40,40,40,40,40,41,41,41,41,41,41,41,41,41,41,41,41,41,41,41,41,41,41,41,41,41,42,42,42,42,42,42,42,43,43,43,43,43,44,48,100,139]","[2,2,2,2,2,2,2,2,2,2,2,2,2,2,2,2,2,2,2,2,2,2,2,2,2,2,2,2,2,2,2,2,2,2,2,2,2,2,2,2,2,2,2,2,2,2,2,2,2,2,2,2,2,2,2,2,2,2,3,43]","[37,37,37,38,38,38,38,38,38,39,39,39,39,39,39,39,39,39,39,39,39,39,39,40,40,40,40,40,40,40,40,40,40,40,40,40,40,40,40,40,40,40,40,40,41,41,41,41,41,41,41,42,42,42,42,42,43,47,99,138]"
dependency32,edit,workers-2,"[1,1,1,1,1,1,1,1,1,1,1,1,1,1,1,1,1,1,1,1,1,1,1,1,1,1,1,1,1,1,1,1,1,1,1,1,1,1,1,1,1,1,1,1,1,1,1,1,1,1,1,1,1,1,1,1,1,1,1,4]","[47,52,53,56,56,56,57,58,59,59,59,60,60,62,62,63,63,63,63,65,66,66,68,69,69,69,69,69,70,70,72,72,72,72,76,76,78,79,81,82,83,83,85,87,90,90,91,92,93,97,97,98,99,100,101,121,147,162,166,1730]","[2,2,2,2,2,2,2,2,2,2,2,2,2,2,2,2,2,2,2,2,2,2,2,2,2,2,2,2,2,2,2,2,2,2,2,2,3,3,3,3,3,3,3,3,3,3,3,3,3,3,3,3,3,3,3,3,3,4,4,221]","[42,42,43,43,43,44,44,44,44,45,45,45,46,46,46,46,46,46,46,47,47,47,47,47,48,49,51,52,52,53,53,53,54,54,54,56,56,57,57,58,58,59,63,63,63,64,64,64,65,65,66,66,69,70,73,98,135,150,201,1887]"
dependency32,edit,workers-4,"[1,1,1,1,1,1,1,1,1,1,1,1,1,1,1,1,1,1,1,1,1,1,1,1,1,1,1,1,1,1,1,1,1,1,1,1,1,1,1,1,1,1,1,1,1,1,1,1,1,1,1,1,1,1,2,2,2,2,2,2]","[45,56,57,58,58,59,60,60,61,61,64,64,65,65,65,65,66,66,67,67,68,69,70,70,71,71,72,73,73,74,75,78,82,83,84,84,85,87,87,89,93,94,95,97,97,97,98,99,99,99,105,111,116,124,128,132,157,268,479,528]","[2,2,2,2,2,2,2,2,2,2,2,2,2,2,2,2,2,2,2,2,2,2,2,3,3,3,3,3,3,3,3,3,3,3,3,3,3,3,3,3,3,3,3,3,3,3,3,3,4,4,4,4,4,4,4,4,4,4,4,5]","[37,39,40,42,42,43,44,46,47,47,47,47,47,47,49,49,50,50,50,51,52,52,52,53,53,53,53,53,53,54,55,56,56,56,57,57,58,58,58,58,59,59,59,62,63,64,64,65,66,67,67,68,68,76,77,108,110,162,178,228]"
dependency32,edit,workers-8,"[1,1,1,1,1,1,1,1,1,1,1,1,1,1,1,1,1,1,1,1,1,1,1,1,1,1,1,1,1,1,1,1,1,1,1,1,1,1,1,1,1,1,1,1,1,1,1,1,1,1,1,1,1,1,1,1,2,2,2,35]","[50,51,51,52,53,54,56,56,56,58,58,58,59,59,59,60,60,61,61,61,61,62,63,64,65,66,67,67,68,68,68,68,68,69,72,72,72,72,74,74,74,75,76,76,82,82,84,86,87,94,96,98,104,106,107,109,115,125,141,158]","[2,2,2,2,2,2,2,2,2,2,2,2,2,2,2,2,2,2,2,2,2,2,2,2,2,2,2,2,2,2,2,2,2,2,2,2,2,2,3,3,3,3,3,3,3,3,3,3,3,3,3,3,4,4,4,5,5,5,5,6]","[39,40,41,42,42,42,43,44,44,44,44,44,44,45,45,45,45,45,45,45,46,46,47,47,48,49,50,50,50,51,51,52,52,53,53,53,54,54,55,55,55,56,56,57,58,58,59,60,62,63,63,65,66,81,81,84,92,93,119,201]"
dependency32,revert,default,"[0,0,0,0,0,0,0,0,0,0,0,0,0,0,0,0,0,0,0,0,0,0,0,0,0,0,0,0,0,0,0,0,0,0,0,0,0,0,0,0,0,0,0,0,0,0,0,0,0,0,0,0,0,0,0,0,0,0,0,0]","[0,0,0,0,0,0,0,0,0,0,0,0,0,0,0,0,0,0,0,0,0,0,0,0,0,0,0,0,0,0,0,0,0,0,0,0,0,0,0,0,0,0,0,0,0,0,0,0,0,0,0,0,0,0,0,0,0,0,0,0]","[0,0,0,0,0,0,0,0,0,0,0,0,0,0,0,0,0,0,0,0,0,0,0,0,0,0,0,0,0,0,0,0,0,0,0,0,0,0,0,0,0,0,0,0,0,0,0,0,0,0,0,0,0,0,0,0,0,0,0,0]","[0,0,0,0,0,0,0,0,0,0,0,0,0,0,0,0,0,0,0,0,0,0,0,0,0,0,0,0,0,0,0,0,0,0,0,0,0,0,0,0,0,0,0,0,0,0,0,0,0,0,0,0,0,0,0,0,0,0,0,0]"
dependency32,revert,workers-1,"[1,1,1,1,1,1,1,1,1,1,1,1,1,1,1,1,1,1,1,1,1,1,1,1,1,1,1,1,1,1,1,1,1,1,1,1,1,1,1,1,1,1,1,1,1,1,1,1,1,1,1,1,1,1,1,1,1,1,1,1]","[37,37,37,38,38,38,38,38,38,38,38,38,39,39,39,39,39,39,39,39,39,39,39,39,40,40,40,40,40,40,40,40,40,40,40,40,40,40,41,41,41,41,41,41,41,41,42,42,42,42,42,42,42,42,43,45,45,46,111,209]","[2,2,2,2,2,2,2,2,2,2,2,2,2,2,2,2,2,2,2,2,2,2,2,2,2,2,2,2,2,2,2,2,2,2,2,2,2,2,2,2,2,2,2,2,2,2,2,2,2,2,2,2,2,2,2,2,3,3,3,3]","[36,36,37,37,37,37,37,37,37,37,38,38,38,38,38,38,38,38,38,38,38,38,39,39,39,39,39,39,39,39,39,39,39,39,39,39,40,40,40,40,40,40,40,40,41,41,41,41,41,41,41,41,41,41,42,44,44,45,110,208]"
dependency32,revert,workers-2,"[1,1,1,1,1,1,1,1,1,1,1,1,1,1,1,1,1,1,1,1,1,1,1,1,1,1,1,1,1,1,1,1,1,1,1,1,1,1,1,1,1,1,1,1,1,1,1,1,1,1,1,1,1,1,1,1,2,2,2,2]","[52,52,53,55,57,59,59,59,60,61,61,61,61,62,63,64,64,64,64,65,65,65,65,66,66,66,66,68,68,69,71,71,72,72,72,72,73,74,74,75,76,77,77,78,79,80,83,87,88,89,89,99,102,105,113,135,139,147,161,262]","[2,2,2,2,2,2,2,2,2,2,2,2,2,2,2,2,2,2,2,2,2,2,2,2,2,2,2,2,2,2,2,2,2,2,2,2,2,2,2,2,2,3,3,3,3,3,3,3,3,3,3,3,3,3,3,3,3,3,5,52]","[40,40,42,42,42,42,43,43,43,43,44,44,44,45,45,45,45,46,47,47,47,47,47,48,48,48,49,49,50,50,50,50,51,51,52,52,53,53,53,53,54,54,56,60,62,63,63,63,63,64,67,68,70,73,79,81,85,115,150,229]"
dependency32,revert,workers-4,"[1,1,1,1,1,1,1,1,1,1,1,1,1,1,1,1,1,1,1,1,1,1,1,1,1,1,1,1,1,1,1,1,1,1,1,1,1,1,1,1,1,1,1,1,1,1,1,1,2,2,2,2,2,2,2,2,2,2,3,19]","[56,58,58,58,59,60,60,62,62,63,63,63,66,67,67,68,69,70,70,71,71,75,75,76,76,77,77,77,79,80,84,86,88,88,88,89,90,90,90,91,93,94,94,95,99,100,100,101,103,104,109,110,123,144,165,177,184,534,785,1982]","[2,2,2,2,2,2,2,2,2,2,2,2,2,2,2,3,3,3,3,3,3,3,3,3,3,3,3,3,3,3,3,3,3,3,3,3,3,3,3,3,3,3,3,3,3,3,3,4,4,4,4,4,4,4,4,4,5,6,8,9]","[38,39,40,43,44,45,45,45,48,48,50,50,50,50,50,51,51,51,51,51,52,52,53,53,53,53,54,54,54,55,57,58,58,58,59,59,59,61,61,61,63,63,63,63,64,65,65,66,67,67,67,68,72,73,77,79,89,90,146,443]"
dependency32,revert,workers-8,"[1,1,1,1,1,1,1,1,1,1,1,1,1,1,1,1,1,1,1,1,1,1,1,1,1,1,1,1,1,1,1,1,1,1,1,1,1,1,1,1,1,1,1,1,1,1,1,1,1,1,1,1,1,1,1,1,2,2,2,2]","[46,52,54,54,55,55,57,57,58,59,59,59,59,59,59,60,60,60,61,62,62,63,63,63,64,64,66,66,66,66,66,67,68,69,69,69,70,70,71,72,74,74,77,78,80,80,81,82,83,84,84,86,87,89,90,94,100,100,123,246]","[2,2,2,2,2,2,2,2,2,2,2,2,2,2,2,2,2,2,2,2,2,2,2,2,2,2,2,2,2,2,2,2,2,2,2,2,2,2,3,3,3,3,3,3,3,3,3,3,3,3,3,3,3,3,4,4,4,4,17,36]","[40,41,41,41,42,42,42,43,43,43,43,44,45,45,45,45,45,45,46,46,46,47,47,47,47,47,47,48,48,48,49,49,49,49,50,50,51,51,52,52,53,53,54,54,55,56,56,57,59,60,60,61,62,63,64,68,71,74,74,227]"
dependency32,noop,default,"[0,0,0,0,0,0,0,0,0,0,0,0,0,0,0,0,0,0,0,0,0,0,0,0,0,0,0,0,0,0,0,0,0,0,0,0,0,0,0,0,0,0,0,0,0,0,0,0,0,0,0,0,0,0,0,0,0,0,0,0]","[0,0,0,0,0,0,0,0,0,0,0,0,0,0,0,0,0,0,0,0,0,0,0,0,0,0,0,0,0,0,0,0,0,0,0,0,0,0,0,0,0,0,0,0,0,0,0,0,0,0,0,0,0,0,0,0,0,0,0,0]","[0,0,0,0,0,0,0,0,0,0,0,0,0,0,0,0,0,0,0,0,0,0,0,0,0,0,0,0,0,0,0,0,0,0,0,0,0,0,0,0,0,0,0,0,0,0,0,0,0,0,0,0,0,0,0,0,0,0,0,0]","[0,0,0,0,0,0,0,0,0,0,0,0,0,0,0,0,0,0,0,0,0,0,0,0,0,0,0,0,0,0,0,0,0,0,0,0,0,0,0,0,0,0,0,0,0,0,0,0,0,0,0,0,0,0,0,0,0,0,0,0]"
dependency32,noop,workers-1,"[0,0,0,0,0,0,0,0,0,0,0,0,0,0,0,0,0,0,0,0,0,0,0,0,0,0,0,0,0,0,0,0,0,0,0,0,0,0,0,0,0,0,0,0,0,0,0,0,0,0,0,0,0,0,0,0,0,0,0,0]","[0,0,0,0,0,0,0,0,0,0,0,0,0,0,0,0,0,0,0,0,0,0,0,0,0,0,0,0,0,0,0,0,0,0,0,0,0,0,0,0,0,0,0,0,0,0,0,0,0,0,0,0,0,0,0,0,0,0,0,0]","[0,0,0,0,0,0,0,0,0,0,0,0,0,0,0,0,0,0,0,0,0,0,0,0,0,0,0,0,0,0,0,0,0,0,0,0,0,0,0,0,0,0,0,0,0,0,0,0,0,0,0,0,0,0,0,0,0,0,0,0]","[0,0,0,0,0,0,0,0,0,0,0,0,0,0,0,0,0,0,0,0,0,0,0,0,0,0,0,0,0,0,0,0,0,0,0,0,0,0,0,0,0,0,0,0,0,0,0,0,0,0,0,0,0,0,0,0,0,0,0,0]"
dependency32,noop,workers-2,"[0,0,0,0,0,0,0,0,0,0,0,0,0,0,0,0,0,0,0,0,0,0,0,0,0,0,0,0,0,0,0,0,0,0,0,0,0,0,0,0,0,0,0,0,0,0,0,0,0,0,0,0,0,0,0,0,0,0,0,0]","[0,0,0,0,0,0,0,0,0,0,0,0,0,0,0,0,0,0,0,0,0,0,0,0,0,0,0,0,0,0,0,0,0,0,0,0,0,0,0,0,0,0,0,0,0,0,0,0,0,0,0,0,0,0,0,0,0,0,0,0]","[0,0,0,0,0,0,0,0,0,0,0,0,0,0,0,0,0,0,0,0,0,0,0,0,0,0,0,0,0,0,0,0,0,0,0,0,0,0,0,0,0,0,0,0,0,0,0,0,0,0,0,0,0,0,0,0,0,0,0,0]","[0,0,0,0,0,0,0,0,0,0,0,0,0,0,0,0,0,0,0,0,0,0,0,0,0,0,0,0,0,0,0,0,0,0,0,0,0,0,0,0,0,0,0,0,0,0,0,0,0,0,0,0,0,0,0,0,0,0,0,0]"
dependency32,noop,workers-4,"[0,0,0,0,0,0,0,0,0,0,0,0,0,0,0,0,0,0,0,0,0,0,0,0,0,0,0,0,0,0,0,0,0,0,0,0,0,0,0,0,0,0,0,0,0,0,0,0,0,0,0,0,0,0,0,0,0,0,0,0]","[0,0,0,0,0,0,0,0,0,0,0,0,0,0,0,0,0,0,0,0,0,0,0,0,0,0,0,0,0,0,0,0,0,0,0,0,0,0,0,0,0,0,0,0,0,0,0,0,0,0,0,0,0,0,0,0,0,0,0,0]","[0,0,0,0,0,0,0,0,0,0,0,0,0,0,0,0,0,0,0,0,0,0,0,0,0,0,0,0,0,0,0,0,0,0,0,0,0,0,0,0,0,0,0,0,0,0,0,0,0,0,0,0,0,0,0,0,0,0,0,0]","[0,0,0,0,0,0,0,0,0,0,0,0,0,0,0,0,0,0,0,0,0,0,0,0,0,0,0,0,0,0,0,0,0,0,0,0,0,0,0,0,0,0,0,0,0,0,0,0,0,0,0,0,0,0,0,0,0,0,0,0]"
dependency32,noop,workers-8,"[0,0,0,0,0,0,0,0,0,0,0,0,0,0,0,0,0,0,0,0,0,0,0,0,0,0,0,0,0,0,0,0,0,0,0,0,0,0,0,0,0,0,0,0,0,0,0,0,0,0,0,0,0,0,0,0,0,0,0,0]","[0,0,0,0,0,0,0,0,0,0,0,0,0,0,0,0,0,0,0,0,0,0,0,0,0,0,0,0,0,0,0,0,0,0,0,0,0,0,0,0,0,0,0,0,0,0,0,0,0,0,0,0,0,0,0,0,0,0,0,0]","[0,0,0,0,0,0,0,0,0,0,0,0,0,0,0,0,0,0,0,0,0,0,0,0,0,0,0,0,0,0,0,0,0,0,0,0,0,0,0,0,0,0,0,0,0,0,0,0,0,0,0,0,0,0,0,0,0,0,0,0]","[0,0,0,0,0,0,0,0,0,0,0,0,0,0,0,0,0,0,0,0,0,0,0,0,0,0,0,0,0,0,0,0,0,0,0,0,0,0,0,0,0,0,0,0,0,0,0,0,0,0,0,0,0,0,0,0,0,0,0,0]"
dependency32,fresh,default,"[0,0,0]","[0,0,0]","[0,0,0]","[0,0,0]"
dependency32,fresh,workers-1,"[2,3,3]","[56,59,65]","[3,3,4]","[53,55,62]"
dependency32,fresh,workers-2,"[3,3,3]","[231,243,267]","[3,4,4]","[77,78,105]"
dependency32,fresh,workers-4,"[2,2,3]","[206,246,288]","[3,3,8]","[60,76,105]"
dependency32,fresh,workers-8,"[3,3,3]","[209,277,396]","[3,4,5]","[75,76,221]"
dependency128,population,default,"[0,0,0]","[0,0,0]","[0,0,0]","[0,0,0]"
dependency128,population,workers-1,"[2,3,3]","[147,149,149]","[3,3,3]","[137,138,138]"
dependency128,population,workers-2,"[2,2,3]","[247,274,368]","[4,4,4]","[166,167,220]"
dependency128,population,workers-4,"[2,2,2]","[264,291,406]","[3,3,21]","[167,171,174]"
dependency128,population,workers-8,"[2,2,2]","[248,258,282]","[3,4,4]","[166,171,179]"
dependency128,edit,default,"[0,0,0,0,0,0,0,0,0,0,0,0,0,0,0,0,0,0,0,0,0,0,0,0,0,0,0,0,0,0,0,0,0,0,0,0,0,0,0,0,0,0,0,0,0,0,0,0,0,0,0,0,0,0,0,0,0,0,0,0]","[0,0,0,0,0,0,0,0,0,0,0,0,0,0,0,0,0,0,0,0,0,0,0,0,0,0,0,0,0,0,0,0,0,0,0,0,0,0,0,0,0,0,0,0,0,0,0,0,0,0,0,0,0,0,0,0,0,0,0,0]","[0,0,0,0,0,0,0,0,0,0,0,0,0,0,0,0,0,0,0,0,0,0,0,0,0,0,0,0,0,0,0,0,0,0,0,0,0,0,0,0,0,0,0,0,0,0,0,0,0,0,0,0,0,0,0,0,0,0,0,0]","[0,0,0,0,0,0,0,0,0,0,0,0,0,0,0,0,0,0,0,0,0,0,0,0,0,0,0,0,0,0,0,0,0,0,0,0,0,0,0,0,0,0,0,0,0,0,0,0,0,0,0,0,0,0,0,0,0,0,0,0]"
dependency128,edit,workers-1,"[1,1,1,1,1,1,1,1,1,1,1,1,1,1,1,1,1,1,1,1,1,1,1,1,1,1,1,1,1,1,1,1,1,1,1,1,1,1,1,1,1,1,1,1,1,1,1,1,1,1,1,1,1,1,1,1,1,1,1,2]","[129,130,131,131,131,131,131,132,132,132,132,132,132,132,133,133,133,133,133,134,134,135,135,135,135,135,135,135,135,136,136,136,136,137,137,137,138,139,140,140,140,145,147,147,156,157,160,166,168,178,180,188,194,197,199,210,221,229,236,372]","[2,2,2,2,2,2,2,2,2,2,2,2,2,2,2,2,2,2,2,2,2,2,2,2,2,2,2,2,2,2,2,2,2,2,2,2,2,2,2,2,2,2,2,2,2,2,2,2,2,2,2,2,2,2,2,3,3,3,3,48]","[122,122,122,123,124,124,124,124,124,124,124,125,125,125,125,125,125,125,125,125,126,126,126,126,126,126,126,126,127,127,127,127,127,127,128,128,129,129,129,130,130,130,131,132,134,136,148,148,151,164,168,179,185,187,188,201,211,215,223,358]"
dependency128,edit,workers-2,"[1,1,1,1,1,1,1,1,1,1,1,1,1,1,1,1,1,1,1,1,1,1,1,1,1,1,1,1,1,1,1,1,1,1,1,1,1,1,1,1,1,1,1,1,1,1,1,1,1,1,1,1,1,1,1,1,2,2,2,2]","[103,109,111,121,121,122,122,122,126,126,126,127,127,130,131,131,132,133,133,134,134,135,135,137,139,139,139,139,139,139,140,142,142,142,142,143,145,145,146,148,148,149,151,153,156,157,158,159,160,161,162,163,167,174,184,196,204,206,254,254]","[3,3,3,3,3,3,3,3,3,3,3,3,3,3,3,3,3,3,3,3,3,3,3,3,3,3,3,3,3,3,3,3,3,3,3,3,3,3,3,3,3,3,3,3,3,3,3,3,3,3,3,3,3,3,3,3,3,3,4,4]","[120,120,120,122,123,124,125,125,125,126,126,127,127,128,129,137,139,140,143,144,144,147,148,149,149,149,149,150,151,151,153,153,154,155,155,155,156,156,158,159,160,162,163,164,164,164,169,173,174,175,187,189,193,193,194,203,210,211,229,300]"
dependency128,edit,workers-4,"[1,1,1,1,1,1,1,1,1,1,1,1,1,1,1,1,1,1,1,1,1,1,1,1,1,1,1,1,1,1,1,1,1,1,1,1,1,1,1,1,1,1,1,1,1,1,1,1,1,1,1,1,1,1,1,1,2,2,2,2]","[107,109,110,111,114,115,118,120,125,126,127,127,128,129,130,130,130,130,131,131,131,132,133,133,135,135,136,136,137,138,139,140,140,141,143,143,144,146,146,146,148,151,151,152,153,153,154,155,157,157,162,165,166,166,173,182,195,200,248,435]","[2,2,3,3,3,3,3,3,3,3,3,3,3,3,3,3,3,3,3,3,3,3,3,3,3,3,3,3,3,3,3,3,3,3,3,3,3,3,3,3,3,3,3,3,3,3,3,3,3,3,3,3,3,3,3,3,3,3,3,4]","[122,123,123,125,125,125,127,127,128,129,136,137,137,138,139,139,139,139,139,140,140,140,140,142,142,142,145,145,149,149,150,151,152,152,152,153,154,155,155,156,157,158,160,161,161,162,162,163,163,164,164,164,166,175,181,183,192,230,250,436]"
dependency128,edit,workers-8,"[1,1,1,1,1,1,1,1,1,1,1,1,1,1,1,1,1,1,1,1,1,1,1,1,1,1,1,1,1,1,1,1,1,1,1,1,1,1,1,1,1,1,1,1,1,1,1,1,1,1,1,1,1,1,1,2,2,2,2,2]","[111,111,114,118,121,123,127,127,127,127,131,133,134,134,135,135,136,136,138,139,140,140,140,142,143,144,145,145,145,145,146,147,148,148,149,150,152,154,155,157,157,157,162,162,164,167,168,168,169,170,184,187,193,208,215,230,267,267,305,348]","[2,3,3,3,3,3,3,3,3,3,3,3,3,3,3,3,3,3,3,3,3,3,3,3,3,3,3,3,3,3,3,3,3,3,3,3,3,3,3,3,3,3,3,3,3,3,3,3,3,3,3,3,3,3,3,4,4,4,4,57]","[122,122,124,125,126,126,126,126,127,128,128,128,128,131,132,133,137,138,139,140,140,141,141,142,143,144,145,147,147,148,150,151,152,153,154,154,156,157,157,158,158,160,162,163,163,165,172,176,182,193,196,202,203,217,225,227,231,242,285,400]"
dependency128,revert,default,"[0,0,0,0,0,0,0,0,0,0,0,0,0,0,0,0,0,0,0,0,0,0,0,0,0,0,0,0,0,0,0,0,0,0,0,0,0,0,0,0,0,0,0,0,0,0,0,0,0,0,0,0,0,0,0,0,0,0,0,0]","[0,0,0,0,0,0,0,0,0,0,0,0,0,0,0,0,0,0,0,0,0,0,0,0,0,0,0,0,0,0,0,0,0,0,0,0,0,0,0,0,0,0,0,0,0,0,0,0,0,0,0,0,0,0,0,0,0,0,0,0]","[0,0,0,0,0,0,0,0,0,0,0,0,0,0,0,0,0,0,0,0,0,0,0,0,0,0,0,0,0,0,0,0,0,0,0,0,0,0,0,0,0,0,0,0,0,0,0,0,0,0,0,0,0,0,0,0,0,0,0,0]","[0,0,0,0,0,0,0,0,0,0,0,0,0,0,0,0,0,0,0,0,0,0,0,0,0,0,0,0,0,0,0,0,0,0,0,0,0,0,0,0,0,0,0,0,0,0,0,0,0,0,0,0,0,0,0,0,0,0,0,0]"
dependency128,revert,workers-1,"[1,1,1,1,1,1,1,1,1,1,1,1,1,1,1,1,1,1,1,1,1,1,1,1,1,1,1,1,1,1,1,1,1,1,1,1,1,1,1,1,1,1,1,1,1,1,1,1,1,1,1,1,1,1,1,1,1,1,2,2]","[129,130,131,131,131,131,131,131,132,132,133,133,133,134,134,134,134,134,134,134,135,135,135,135,135,135,135,135,135,136,136,136,137,137,137,137,137,137,137,137,138,138,139,139,139,141,141,160,163,166,166,169,172,172,174,231,250,264,271,375]","[2,2,2,2,2,2,2,2,2,2,2,2,2,2,2,2,2,2,2,2,2,2,2,2,2,2,2,2,2,2,2,2,2,2,2,2,2,2,2,2,2,2,2,2,2,2,2,2,2,2,2,2,3,3,3,3,3,3,3,4]","[122,123,124,124,124,124,124,124,124,124,124,125,125,125,125,126,126,126,126,126,126,126,126,126,126,126,127,127,127,127,127,127,127,127,127,128,128,129,129,129,129,130,130,130,130,131,132,152,152,156,157,159,160,160,162,218,237,255,257,361]"
dependency128,revert,workers-2,"[1,1,1,1,1,1,1,1,1,1,1,1,1,1,1,1,1,1,1,1,1,1,1,1,1,1,1,1,1,1,1,1,1,1,1,1,1,1,1,1,1,1,1,1,1,1,1,1,1,1,1,1,1,1,1,1,1,1,1,2]","[104,106,107,108,120,120,120,121,121,122,123,123,125,126,128,128,130,131,131,131,131,131,135,136,136,136,137,137,138,140,140,140,141,143,144,147,148,150,151,154,157,160,165,165,170,171,172,173,175,181,182,183,187,189,192,193,195,221,283,287]","[2,3,3,3,3,3,3,3,3,3,3,3,3,3,3,3,3,3,3,3,3,3,3,3,3,3,3,3,3,3,3,3,3,3,3,3,3,3,3,3,3,3,3,3,3,3,3,3,3,3,3,3,3,3,3,4,4,4,5,7]","[121,121,122,122,122,123,124,125,126,127,127,127,130,132,134,135,137,137,137,138,139,139,142,142,142,144,145,146,148,148,148,149,149,149,151,151,153,155,155,156,157,157,158,159,161,166,172,183,188,196,200,200,205,209,225,229,242,245,254,334]"
dependency128,revert,workers-4,"[1,1,1,1,1,1,1,1,1,1,1,1,1,1,1,1,1,1,1,1,1,1,1,1,1,1,1,1,1,1,1,1,1,1,1,1,1,1,1,1,1,1,1,1,1,1,1,1,1,1,1,1,1,1,1,2,2,2,2,2]","[101,111,112,113,113,117,120,120,123,124,124,124,125,125,126,127,129,130,131,131,131,132,132,133,134,134,134,135,135,137,137,138,141,142,142,143,146,147,148,148,152,154,155,158,159,160,162,163,165,166,176,208,224,247,254,271,277,325,342,491]","[3,3,3,3,3,3,3,3,3,3,3,3,3,3,3,3,3,3,3,3,3,3,3,3,3,3,3,3,3,3,3,3,3,3,3,3,3,3,3,3,3,3,3,3,3,3,3,3,3,3,3,3,3,3,3,4,4,4,4,4]","[122,122,123,123,123,124,124,124,125,125,125,126,128,129,131,134,139,139,139,140,141,143,143,144,144,144,146,147,147,149,149,149,150,150,150,150,151,151,151,154,154,155,155,159,159,161,162,163,164,170,196,197,209,222,276,291,308,354,381,495]"
dependency128,revert,workers-8,"[1,1,1,1,1,1,1,1,1,1,1,1,1,1,1,1,1,1,1,1,1,1,1,1,1,1,1,1,1,1,1,1,1,1,1,1,1,1,1,1,1,1,1,1,1,1,1,1,1,1,1,1,1,1,1,2,2,2,2,2]","[112,117,118,119,126,126,127,128,128,129,129,130,130,132,133,135,136,137,138,138,139,140,140,141,141,143,143,144,144,145,146,146,147,147,148,148,148,149,149,150,150,151,153,154,155,156,157,159,160,163,168,173,175,177,184,186,223,230,247,351]","[2,3,3,3,3,3,3,3,3,3,3,3,3,3,3,3,3,3,3,3,3,3,3,3,3,3,3,3,3,3,3,3,3,3,3,3,3,3,3,3,3,3,3,3,3,3,3,3,3,3,3,3,3,3,3,4,4,4,4,5]","[120,121,122,124,124,125,126,128,129,135,137,138,139,140,141,141,142,142,142,142,144,145,146,146,146,147,147,149,150,150,151,153,153,153,154,155,155,157,157,158,158,159,159,161,161,161,162,164,164,173,174,176,182,190,191,201,215,218,236,253]"
dependency128,noop,default,"[0,0,0,0,0,0,0,0,0,0,0,0,0,0,0,0,0,0,0,0,0,0,0,0,0,0,0,0,0,0,0,0,0,0,0,0,0,0,0,0,0,0,0,0,0,0,0,0,0,0,0,0,0,0,0,0,0,0,0,0]","[0,0,0,0,0,0,0,0,0,0,0,0,0,0,0,0,0,0,0,0,0,0,0,0,0,0,0,0,0,0,0,0,0,0,0,0,0,0,0,0,0,0,0,0,0,0,0,0,0,0,0,0,0,0,0,0,0,0,0,0]","[0,0,0,0,0,0,0,0,0,0,0,0,0,0,0,0,0,0,0,0,0,0,0,0,0,0,0,0,0,0,0,0,0,0,0,0,0,0,0,0,0,0,0,0,0,0,0,0,0,0,0,0,0,0,0,0,0,0,0,0]","[0,0,0,0,0,0,0,0,0,0,0,0,0,0,0,0,0,0,0,0,0,0,0,0,0,0,0,0,0,0,0,0,0,0,0,0,0,0,0,0,0,0,0,0,0,0,0,0,0,0,0,0,0,0,0,0,0,0,0,0]"
dependency128,noop,workers-1,"[0,0,0,0,0,0,0,0,0,0,0,0,0,0,0,0,0,0,0,0,0,0,0,0,0,0,0,0,0,0,0,0,0,0,0,0,0,0,0,0,0,0,0,0,0,0,0,0,0,0,0,0,0,0,0,0,0,0,0,0]","[0,0,0,0,0,0,0,0,0,0,0,0,0,0,0,0,0,0,0,0,0,0,0,0,0,0,0,0,0,0,0,0,0,0,0,0,0,0,0,0,0,0,0,0,0,0,0,0,0,0,0,0,0,0,0,0,0,0,0,0]","[0,0,0,0,0,0,0,0,0,0,0,0,0,0,0,0,0,0,0,0,0,0,0,0,0,0,0,0,0,0,0,0,0,0,0,0,0,0,0,0,0,0,0,0,0,0,0,0,0,0,0,0,0,0,0,0,0,0,0,0]","[0,0,0,0,0,0,0,0,0,0,0,0,0,0,0,0,0,0,0,0,0,0,0,0,0,0,0,0,0,0,0,0,0,0,0,0,0,0,0,0,0,0,0,0,0,0,0,0,0,0,0,0,0,0,0,0,0,0,0,0]"
dependency128,noop,workers-2,"[0,0,0,0,0,0,0,0,0,0,0,0,0,0,0,0,0,0,0,0,0,0,0,0,0,0,0,0,0,0,0,0,0,0,0,0,0,0,0,0,0,0,0,0,0,0,0,0,0,0,0,0,0,0,0,0,0,0,0,0]","[0,0,0,0,0,0,0,0,0,0,0,0,0,0,0,0,0,0,0,0,0,0,0,0,0,0,0,0,0,0,0,0,0,0,0,0,0,0,0,0,0,0,0,0,0,0,0,0,0,0,0,0,0,0,0,0,0,0,0,0]","[0,0,0,0,0,0,0,0,0,0,0,0,0,0,0,0,0,0,0,0,0,0,0,0,0,0,0,0,0,0,0,0,0,0,0,0,0,0,0,0,0,0,0,0,0,0,0,0,0,0,0,0,0,0,0,0,0,0,0,0]","[0,0,0,0,0,0,0,0,0,0,0,0,0,0,0,0,0,0,0,0,0,0,0,0,0,0,0,0,0,0,0,0,0,0,0,0,0,0,0,0,0,0,0,0,0,0,0,0,0,0,0,0,0,0,0,0,0,0,0,0]"
dependency128,noop,workers-4,"[0,0,0,0,0,0,0,0,0,0,0,0,0,0,0,0,0,0,0,0,0,0,0,0,0,0,0,0,0,0,0,0,0,0,0,0,0,0,0,0,0,0,0,0,0,0,0,0,0,0,0,0,0,0,0,0,0,0,0,0]","[0,0,0,0,0,0,0,0,0,0,0,0,0,0,0,0,0,0,0,0,0,0,0,0,0,0,0,0,0,0,0,0,0,0,0,0,0,0,0,0,0,0,0,0,0,0,0,0,0,0,0,0,0,0,0,0,0,0,0,0]","[0,0,0,0,0,0,0,0,0,0,0,0,0,0,0,0,0,0,0,0,0,0,0,0,0,0,0,0,0,0,0,0,0,0,0,0,0,0,0,0,0,0,0,0,0,0,0,0,0,0,0,0,0,0,0,0,0,0,0,0]","[0,0,0,0,0,0,0,0,0,0,0,0,0,0,0,0,0,0,0,0,0,0,0,0,0,0,0,0,0,0,0,0,0,0,0,0,0,0,0,0,0,0,0,0,0,0,0,0,0,0,0,0,0,0,0,0,0,0,0,0]"
dependency128,noop,workers-8,"[0,0,0,0,0,0,0,0,0,0,0,0,0,0,0,0,0,0,0,0,0,0,0,0,0,0,0,0,0,0,0,0,0,0,0,0,0,0,0,0,0,0,0,0,0,0,0,0,0,0,0,0,0,0,0,0,0,0,0,0]","[0,0,0,0,0,0,0,0,0,0,0,0,0,0,0,0,0,0,0,0,0,0,0,0,0,0,0,0,0,0,0,0,0,0,0,0,0,0,0,0,0,0,0,0,0,0,0,0,0,0,0,0,0,0,0,0,0,0,0,0]","[0,0,0,0,0,0,0,0,0,0,0,0,0,0,0,0,0,0,0,0,0,0,0,0,0,0,0,0,0,0,0,0,0,0,0,0,0,0,0,0,0,0,0,0,0,0,0,0,0,0,0,0,0,0,0,0,0,0,0,0]","[0,0,0,0,0,0,0,0,0,0,0,0,0,0,0,0,0,0,0,0,0,0,0,0,0,0,0,0,0,0,0,0,0,0,0,0,0,0,0,0,0,0,0,0,0,0,0,0,0,0,0,0,0,0,0,0,0,0,0,0]"
dependency128,fresh,default,"[0,0,0]","[0,0,0]","[0,0,0]","[0,0,0]"
dependency128,fresh,workers-1,"[2,3,3]","[151,154,247]","[3,3,3]","[144,147,234]"
dependency128,fresh,workers-2,"[2,3,3]","[257,279,374]","[4,4,6]","[176,189,229]"
dependency128,fresh,workers-4,"[2,2,3]","[380,403,2218]","[4,4,5]","[224,247,300]"
dependency128,fresh,workers-8,"[3,3,3]","[274,303,415]","[4,4,5]","[179,202,249]"
jobs8,population,default,"[0,0,0]","[0,0,0]","[0,0,0]","[0,0,0]"
jobs8,population,workers-1,"[3,3,4]","[47,50,51]","[6,6,7]","[38,39,40]"
jobs8,population,workers-2,"[3,3,3]","[158,202,209]","[6,7,7]","[39,80,87]"
jobs8,population,workers-4,"[3,3,4]","[416,458,520]","[7,7,9]","[172,232,291]"
jobs8,population,workers-8,"[3,4,4]","[833,977,1647]","[8,8,8]","[79,113,944]"
jobs8,edit,default,"[0,0,0,0,0,0,0,0,0,0,0,0,0,0,0,0,0,0,0,0,0,0,0,0,0,0,0,0,0,0,0,0,0,0,0,0,0,0,0,0,0,0,0,0,0,0,0,0,0,0,0,0,0,0,0,0,0,0,0,0]","[0,0,0,0,0,0,0,0,0,0,0,0,0,0,0,0,0,0,0,0,0,0,0,0,0,0,0,0,0,0,0,0,0,0,0,0,0,0,0,0,0,0,0,0,0,0,0,0,0,0,0,0,0,0,0,0,0,0,0,0]","[0,0,0,0,0,0,0,0,0,0,0,0,0,0,0,0,0,0,0,0,0,0,0,0,0,0,0,0,0,0,0,0,0,0,0,0,0,0,0,0,0,0,0,0,0,0,0,0,0,0,0,0,0,0,0,0,0,0,0,0]","[0,0,0,0,0,0,0,0,0,0,0,0,0,0,0,0,0,0,0,0,0,0,0,0,0,0,0,0,0,0,0,0,0,0,0,0,0,0,0,0,0,0,0,0,0,0,0,0,0,0,0,0,0,0,0,0,0,0,0,0]"
jobs8,edit,workers-1,"[2,2,2,2,2,2,2,2,2,2,2,2,2,2,2,2,2,2,2,2,2,2,2,2,2,2,2,2,2,2,2,2,2,2,2,2,2,2,2,2,2,2,2,2,2,2,2,2,2,2,2,2,2,2,2,2,2,2,2,2]","[29,29,29,29,29,29,29,30,30,30,30,30,30,30,30,30,30,30,30,30,31,31,31,31,31,31,31,31,31,31,31,31,31,31,31,31,31,32,32,32,32,32,32,32,32,33,33,33,33,33,34,35,36,38,38,38,40,55,96,102]","[5,5,5,5,5,5,5,5,5,5,5,5,5,5,5,5,5,5,5,5,6,6,6,6,6,6,6,6,6,6,6,6,6,6,6,6,6,6,6,6,6,6,6,6,6,6,6,7,7,7,7,7,7,7,7,7,9,9,9,9]","[25,25,25,25,25,25,25,25,25,25,26,26,26,26,26,26,26,26,26,26,26,26,26,26,26,26,27,27,27,27,27,27,27,27,27,27,27,27,27,27,27,27,27,27,27,28,28,28,28,28,28,30,32,34,34,34,35,50,90,96]"
jobs8,edit,workers-2,"[2,2,2,2,2,2,2,2,2,2,2,2,2,2,2,2,2,2,2,2,2,2,2,2,2,2,2,2,2,2,2,2,2,2,2,2,2,2,2,2,2,2,2,2,2,2,2,2,2,2,2,3,3,3,3,3,3,3,3,3]","[27,28,28,29,30,31,32,36,36,36,37,37,38,38,38,39,39,40,40,40,40,40,41,41,42,42,42,43,43,44,44,45,45,45,46,47,48,49,49,49,49,50,50,54,56,56,58,59,59,60,62,67,68,69,76,99,101,109,120,121]","[5,6,6,6,6,6,6,6,6,6,6,6,6,6,6,6,6,6,6,6,6,6,6,6,6,6,6,6,6,6,6,6,6,6,6,6,6,6,6,6,7,7,7,7,7,7,7,7,7,7,7,8,8,8,8,8,8,22,23,49]","[25,29,29,29,29,29,30,30,31,31,31,31,31,32,32,32,33,33,33,33,33,33,34,34,34,34,34,34,34,34,35,35,36,36,36,36,37,37,38,38,38,38,39,39,40,40,41,41,42,43,44,45,48,53,64,71,74,82,114,129]"
jobs8,edit,workers-4,"[2,2,2,2,2,2,2,2,2,2,2,2,2,2,2,2,2,2,2,2,2,2,2,2,2,2,2,2,2,2,2,2,2,2,2,2,2,2,2,2,2,3,3,3,3,3,3,3,3,3,3,3,3,3,3,3,4,4,4,24]","[38,39,40,40,40,41,41,46,49,51,55,56,56,56,56,60,60,63,65,66,66,68,68,68,68,69,70,71,73,74,77,79,81,81,84,84,88,89,90,91,91,93,97,99,100,106,107,108,108,108,109,109,111,125,143,158,163,196,197,2667]","[6,6,6,6,6,6,6,6,6,6,6,6,6,6,6,6,6,6,6,6,6,6,6,6,6,6,6,6,6,6,6,6,6,6,6,6,6,6,6,7,8,8,8,9,9,10,10,10,10,11,11,11,11,11,11,11,11,12,13,19]","[29,31,33,33,33,34,34,34,35,35,36,37,37,40,43,44,44,45,46,47,49,51,52,56,57,60,62,63,67,69,72,76,80,81,81,87,88,90,94,99,99,109,112,119,123,124,128,134,136,142,154,156,161,174,182,229,232,287,341,2631]"
jobs8,edit,workers-8,"[2,2,2,2,2,2,2,2,2,2,2,2,2,2,2,2,2,2,2,2,2,2,2,2,2,2,2,2,2,2,2,2,2,2,2,2,2,2,2,2,2,2,2,2,2,2,3,3,3,3,3,3,3,3,3,3,3,3,3,4]","[36,43,52,56,56,59,60,62,65,65,65,67,73,74,78,80,80,81,82,83,89,89,91,91,94,94,95,95,96,96,97,98,99,100,100,102,102,103,104,111,111,112,113,117,120,123,125,125,126,127,135,136,137,147,155,170,177,182,423,1378]","[6,6,6,6,6,6,6,6,6,6,6,6,6,6,6,6,6,6,6,6,6,6,7,7,7,8,8,8,8,8,8,8,8,8,8,8,8,8,8,8,8,8,8,8,8,9,9,9,9,9,9,9,9,9,9,9,9,11,11,21]","[31,32,34,36,42,47,49,51,51,51,55,61,62,65,67,69,71,73,76,77,77,79,80,82,83,87,93,95,97,97,102,103,105,109,115,122,123,150,151,158,164,165,172,174,175,179,197,209,219,219,246,262,275,276,277,287,427,577,1336,1355]"
jobs8,revert,default,"[0,0,0,0,0,0,0,0,0,0,0,0,0,0,0,0,0,0,0,0,0,0,0,0,0,0,0,0,0,0,0,0,0,0,0,0,0,0,0,0,0,0,0,0,0,0,0,0,0,0,0,0,0,0,0,0,0,0,0,0]","[0,0,0,0,0,0,0,0,0,0,0,0,0,0,0,0,0,0,0,0,0,0,0,0,0,0,0,0,0,0,0,0,0,0,0,0,0,0,0,0,0,0,0,0,0,0,0,0,0,0,0,0,0,0,0,0,0,0,0,0]","[0,0,0,0,0,0,0,0,0,0,0,0,0,0,0,0,0,0,0,0,0,0,0,0,0,0,0,0,0,0,0,0,0,0,0,0,0,0,0,0,0,0,0,0,0,0,0,0,0,0,0,0,0,0,0,0,0,0,0,0]","[0,0,0,0,0,0,0,0,0,0,0,0,0,0,0,0,0,0,0,0,0,0,0,0,0,0,0,0,0,0,0,0,0,0,0,0,0,0,0,0,0,0,0,0,0,0,0,0,0,0,0,0,0,0,0,0,0,0,0,0]"
jobs8,revert,workers-1,"[2,2,2,2,2,2,2,2,2,2,2,2,2,2,2,2,2,2,2,2,2,2,2,2,2,2,2,2,2,2,2,2,2,2,2,2,2,2,2,2,2,2,2,2,2,2,2,2,2,2,2,2,2,2,2,2,2,2,2,56]","[24,24,24,36,36,36,36,37,37,37,37,37,37,37,38,38,38,38,38,38,38,38,38,38,39,39,39,39,39,39,39,39,39,40,40,40,40,40,40,40,40,40,40,40,40,40,41,41,41,41,42,43,43,44,46,64,72,100,120,134]","[5,5,5,5,5,5,5,5,5,5,5,5,5,5,5,5,5,5,5,5,5,5,6,6,6,6,6,6,6,6,6,6,6,6,6,6,6,6,6,6,6,6,6,6,6,7,7,7,7,7,7,7,7,7,7,7,7,7,9,9]","[23,23,23,25,25,25,25,25,25,25,25,26,26,26,26,26,26,26,26,26,27,27,27,27,27,27,27,27,27,27,27,27,27,27,28,28,28,28,28,28,28,28,28,28,28,28,28,28,28,28,28,29,29,29,29,31,36,61,86,107]"
jobs8,revert,workers-2,"[2,2,2,2,2,2,2,2,2,2,2,2,2,2,2,2,2,2,2,2,2,2,2,2,2,2,2,2,2,2,2,2,2,2,2,2,2,2,2,2,2,2,2,2,2,2,2,2,3,3,3,3,3,3,3,3,3,3,3,25]","[37,38,38,38,39,39,39,40,41,42,43,48,49,49,49,50,53,54,54,54,55,55,56,56,57,57,57,57,58,58,58,60,60,60,60,61,62,64,64,65,65,66,67,67,68,68,69,71,73,74,77,82,83,96,102,109,126,130,149,187]","[5,6,6,6,6,6,6,6,6,6,6,6,6,6,6,6,6,6,6,6,6,6,6,6,6,6,6,6,6,7,7,7,7,7,7,7,7,7,7,7,7,7,7,7,7,7,7,7,7,7,7,7,8,8,8,8,8,8,8,11]","[28,28,30,32,32,33,33,33,33,34,35,35,36,37,37,39,40,41,42,43,44,44,45,47,47,47,47,47,48,48,49,49,50,51,52,52,52,53,53,53,54,54,55,55,55,55,55,56,58,60,61,65,66,68,90,103,107,139,155,188]"
jobs8,revert,workers-4,"[2,2,2,2,2,2,2,2,2,2,2,2,2,2,2,2,2,2,2,2,2,2,2,2,2,2,2,2,2,2,2,2,2,2,2,2,2,2,2,2,2,2,2,3,3,3,3,3,3,3,3,3,3,3,3,4,4,4,4,17]","[43,44,46,48,48,52,53,53,53,56,56,58,58,59,59,60,61,62,62,63,63,64,64,66,69,69,70,70,71,71,73,73,74,74,78,80,80,80,83,84,84,86,88,92,93,93,96,96,101,102,106,118,124,140,146,162,173,186,202,211]","[6,6,6,6,6,6,6,6,6,6,6,6,6,6,6,6,6,6,6,6,6,6,6,6,6,6,6,6,6,6,6,6,6,6,6,7,8,8,8,8,8,8,8,9,10,10,11,11,11,11,11,11,12,12,12,12,13,13,58,121]","[31,33,34,34,36,37,38,38,39,39,39,42,42,44,45,49,50,53,54,54,56,60,61,63,64,65,65,65,66,70,72,75,81,82,84,86,89,90,92,94,98,102,115,120,122,128,128,133,138,139,145,152,161,170,175,187,209,231,257,479]"
jobs8,revert,workers-8,"[2,2,2,2,2,2,2,2,2,2,2,2,2,2,2,2,2,2,2,2,2,2,2,2,2,2,2,2,2,2,2,2,2,2,2,2,2,2,2,2,2,2,2,2,2,2,2,3,3,3,3,3,3,3,3,3,3,3,3,3]","[47,48,48,48,57,59,60,62,63,63,63,66,67,74,74,76,76,82,82,83,84,87,89,90,91,91,92,95,96,97,97,99,103,103,105,105,108,109,112,116,117,124,128,133,133,141,144,150,151,152,155,165,190,200,207,211,229,263,481,1342]","[6,6,6,6,6,6,6,6,6,6,6,6,6,6,6,6,6,6,6,6,6,6,6,7,7,7,7,7,8,8,8,8,8,8,8,8,8,8,8,8,8,8,8,9,9,9,9,9,9,9,9,9,10,10,10,11,11,21,49,171]","[29,34,37,38,38,40,40,42,43,44,46,47,48,48,50,52,55,60,62,63,65,65,67,70,72,73,76,77,79,85,86,95,97,101,104,110,115,120,124,131,131,144,144,149,156,170,173,183,194,206,207,225,231,232,315,326,338,355,510,867]"
jobs8,noop,default,"[0,0,0,0,0,0,0,0,0,0,0,0,0,0,0,0,0,0,0,0,0,0,0,0,0,0,0,0,0,0,0,0,0,0,0,0,0,0,0,0,0,0,0,0,0,0,0,0,0,0,0,0,0,0,0,0,0,0,0,0]","[0,0,0,0,0,0,0,0,0,0,0,0,0,0,0,0,0,0,0,0,0,0,0,0,0,0,0,0,0,0,0,0,0,0,0,0,0,0,0,0,0,0,0,0,0,0,0,0,0,0,0,0,0,0,0,0,0,0,0,0]","[0,0,0,0,0,0,0,0,0,0,0,0,0,0,0,0,0,0,0,0,0,0,0,0,0,0,0,0,0,0,0,0,0,0,0,0,0,0,0,0,0,0,0,0,0,0,0,0,0,0,0,0,0,0,0,0,0,0,0,0]","[0,0,0,0,0,0,0,0,0,0,0,0,0,0,0,0,0,0,0,0,0,0,0,0,0,0,0,0,0,0,0,0,0,0,0,0,0,0,0,0,0,0,0,0,0,0,0,0,0,0,0,0,0,0,0,0,0,0,0,0]"
jobs8,noop,workers-1,"[0,0,0,0,0,0,0,0,0,0,0,0,0,0,0,0,0,0,0,0,0,0,0,0,0,0,0,0,0,0,0,0,0,0,0,0,0,0,0,0,0,0,0,0,0,0,0,0,0,0,0,0,0,0,0,0,0,0,0,0]","[0,0,0,0,0,0,0,0,0,0,0,0,0,0,0,0,0,0,0,0,0,0,0,0,0,0,0,0,0,0,0,0,0,0,0,0,0,0,0,0,0,0,0,0,0,0,0,0,0,0,0,0,0,0,0,0,0,0,0,0]","[0,0,0,0,0,0,0,0,0,0,0,0,0,0,0,0,0,0,0,0,0,0,0,0,0,0,0,0,0,0,0,0,0,0,0,0,0,0,0,0,0,0,0,0,0,0,0,0,0,0,0,0,0,0,0,0,0,0,0,0]","[0,0,0,0,0,0,0,0,0,0,0,0,0,0,0,0,0,0,0,0,0,0,0,0,0,0,0,0,0,0,0,0,0,0,0,0,0,0,0,0,0,0,0,0,0,0,0,0,0,0,0,0,0,0,0,0,0,0,0,0]"
jobs8,noop,workers-2,"[0,0,0,0,0,0,0,0,0,0,0,0,0,0,0,0,0,0,0,0,0,0,0,0,0,0,0,0,0,0,0,0,0,0,0,0,0,0,0,0,0,0,0,0,0,0,0,0,0,0,0,0,0,0,0,0,0,0,0,0]","[0,0,0,0,0,0,0,0,0,0,0,0,0,0,0,0,0,0,0,0,0,0,0,0,0,0,0,0,0,0,0,0,0,0,0,0,0,0,0,0,0,0,0,0,0,0,0,0,0,0,0,0,0,0,0,0,0,0,0,0]","[0,0,0,0,0,0,0,0,0,0,0,0,0,0,0,0,0,0,0,0,0,0,0,0,0,0,0,0,0,0,0,0,0,0,0,0,0,0,0,0,0,0,0,0,0,0,0,0,0,0,0,0,0,0,0,0,0,0,0,0]","[0,0,0,0,0,0,0,0,0,0,0,0,0,0,0,0,0,0,0,0,0,0,0,0,0,0,0,0,0,0,0,0,0,0,0,0,0,0,0,0,0,0,0,0,0,0,0,0,0,0,0,0,0,0,0,0,0,0,0,0]"
jobs8,noop,workers-4,"[0,0,0,0,0,0,0,0,0,0,0,0,0,0,0,0,0,0,0,0,0,0,0,0,0,0,0,0,0,0,0,0,0,0,0,0,0,0,0,0,0,0,0,0,0,0,0,0,0,0,0,0,0,0,0,0,0,0,0,0]","[0,0,0,0,0,0,0,0,0,0,0,0,0,0,0,0,0,0,0,0,0,0,0,0,0,0,0,0,0,0,0,0,0,0,0,0,0,0,0,0,0,0,0,0,0,0,0,0,0,0,0,0,0,0,0,0,0,0,0,0]","[0,0,0,0,0,0,0,0,0,0,0,0,0,0,0,0,0,0,0,0,0,0,0,0,0,0,0,0,0,0,0,0,0,0,0,0,0,0,0,0,0,0,0,0,0,0,0,0,0,0,0,0,0,0,0,0,0,0,0,0]","[0,0,0,0,0,0,0,0,0,0,0,0,0,0,0,0,0,0,0,0,0,0,0,0,0,0,0,0,0,0,0,0,0,0,0,0,0,0,0,0,0,0,0,0,0,0,0,0,0,0,0,0,0,0,0,0,0,0,0,0]"
jobs8,noop,workers-8,"[0,0,0,0,0,0,0,0,0,0,0,0,0,0,0,0,0,0,0,0,0,0,0,0,0,0,0,0,0,0,0,0,0,0,0,0,0,0,0,0,0,0,0,0,0,0,0,0,0,0,0,0,0,0,0,0,0,0,0,0]","[0,0,0,0,0,0,0,0,0,0,0,0,0,0,0,0,0,0,0,0,0,0,0,0,0,0,0,0,0,0,0,0,0,0,0,0,0,0,0,0,0,0,0,0,0,0,0,0,0,0,0,0,0,0,0,0,0,0,0,0]","[0,0,0,0,0,0,0,0,0,0,0,0,0,0,0,0,0,0,0,0,0,0,0,0,0,0,0,0,0,0,0,0,0,0,0,0,0,0,0,0,0,0,0,0,0,0,0,0,0,0,0,0,0,0,0,0,0,0,0,0]","[0,0,0,0,0,0,0,0,0,0,0,0,0,0,0,0,0,0,0,0,0,0,0,0,0,0,0,0,0,0,0,0,0,0,0,0,0,0,0,0,0,0,0,0,0,0,0,0,0,0,0,0,0,0,0,0,0,0,0,0]"
jobs8,fresh,default,"[0,0,0]","[0,0,0]","[0,0,0]","[0,0,0]"
jobs8,fresh,workers-1,"[3,3,3]","[48,49,50]","[6,6,8]","[40,41,42]"
jobs8,fresh,workers-2,"[3,3,4]","[175,185,196]","[7,7,7]","[78,81,85]"
jobs8,fresh,workers-4,"[3,3,6]","[497,656,821]","[8,8,118]","[82,116,309]"
jobs8,fresh,workers-8,"[3,4,4]","[925,935,1020]","[7,7,7]","[129,261,335]"
jobs32,population,default,"[0,0,0]","[0,0,0]","[0,0,0]","[0,0,0]"
jobs32,population,workers-1,"[9,9,10]","[105,109,113]","[22,22,23]","[98,101,104]"
jobs32,population,workers-2,"[9,10,10]","[185,186,189]","[22,22,23]","[121,130,136]"
jobs32,population,workers-4,"[10,10,11]","[424,430,445]","[22,23,23]","[211,334,402]"
jobs32,population,workers-8,"[10,10,11]","[881,884,1176]","[22,23,35]","[117,526,927]"
jobs32,edit,default,"[0,0,0,0,0,0,0,0,0,0,0,0,0,0,0,0,0,0,0,0,0,0,0,0,0,0,0,0,0,0,0,0,0,0,0,0,0,0,0,0,0,0,0,0,0,0,0,0,0,0,0,0,0,0,0,0,0,0,0,0]","[0,0,0,0,0,0,0,0,0,0,0,0,0,0,0,0,0,0,0,0,0,0,0,0,0,0,0,0,0,0,0,0,0,0,0,0,0,0,0,0,0,0,0,0,0,0,0,0,0,0,0,0,0,0,0,0,0,0,0,0]","[0,0,0,0,0,0,0,0,0,0,0,0,0,0,0,0,0,0,0,0,0,0,0,0,0,0,0,0,0,0,0,0,0,0,0,0,0,0,0,0,0,0,0,0,0,0,0,0,0,0,0,0,0,0,0,0,0,0,0,0]","[0,0,0,0,0,0,0,0,0,0,0,0,0,0,0,0,0,0,0,0,0,0,0,0,0,0,0,0,0,0,0,0,0,0,0,0,0,0,0,0,0,0,0,0,0,0,0,0,0,0,0,0,0,0,0,0,0,0,0,0]"
jobs32,edit,workers-1,"[6,6,6,6,6,6,6,6,6,6,6,6,6,6,6,6,6,6,6,6,6,6,6,6,6,6,6,6,6,6,6,6,6,6,6,6,6,7,7,7,7,7,7,7,7,7,7,7,7,7,8,8,8,8,8,9,9,10,11,13]","[88,88,88,88,88,88,89,89,89,89,89,89,89,89,89,89,90,90,90,90,90,90,90,90,90,90,90,90,90,91,91,91,91,91,91,91,92,93,94,95,95,96,97,97,98,106,111,115,117,135,142,142,145,150,164,165,168,181,224,364]","[20,20,21,21,21,21,21,21,21,21,21,21,21,21,21,21,21,21,21,21,21,21,21,21,21,21,21,21,21,21,21,21,21,21,21,21,21,21,21,21,21,21,21,21,21,21,21,21,21,21,21,22,22,24,26,27,46,68,70,92]","[86,86,86,86,86,86,86,86,87,87,87,87,87,87,87,87,87,87,87,87,87,87,87,87,88,88,88,88,88,88,88,88,88,88,88,89,89,89,89,89,90,90,91,92,94,94,98,104,108,111,138,139,142,147,161,163,165,179,220,346]"
jobs32,edit,workers-2,"[7,7,7,7,7,7,7,7,7,7,7,7,7,7,7,7,7,7,7,7,7,7,7,7,7,7,7,7,7,7,7,7,7,7,7,7,7,7,7,7,7,7,7,7,8,8,8,8,8,9,9,9,9,9,10,10,11,11,12,13]","[67,69,69,70,71,71,71,72,72,72,72,73,73,73,74,75,75,76,76,77,77,77,77,77,78,79,81,82,82,82,82,82,86,86,87,88,90,90,90,92,92,92,95,96,101,102,103,110,112,113,113,118,120,127,135,139,141,146,165,228]","[21,21,21,21,21,21,21,21,21,21,21,21,21,21,21,21,21,21,21,21,21,21,21,21,21,21,21,21,22,22,22,22,22,22,22,22,22,22,22,22,22,22,22,22,22,22,22,22,23,23,23,24,24,27,27,29,31,37,74,99]","[95,95,96,97,97,98,98,98,99,99,100,100,100,101,101,101,101,101,101,101,102,102,102,103,103,104,104,105,105,105,106,106,108,108,109,109,110,111,111,112,113,113,115,116,117,118,122,132,136,138,150,156,157,158,172,176,181,216,246,283]"
jobs32,edit,workers-4,"[7,7,7,7,7,7,7,7,7,7,7,7,7,7,7,7,7,8,8,8,8,8,8,8,8,8,8,8,8,8,8,8,8,8,8,8,9,9,9,9,9,9,9,9,9,9,9,9,9,9,9,10,10,10,10,10,11,11,11,19]","[75,78,79,79,80,82,83,84,84,86,87,88,88,92,92,94,94,94,94,94,96,97,99,99,99,100,104,109,112,116,118,119,120,122,125,125,126,127,127,129,130,134,136,139,139,143,148,148,155,158,173,176,183,216,229,264,274,277,313,330]","[21,21,21,21,21,21,21,21,21,22,22,22,22,22,22,22,22,22,22,22,22,22,22,22,22,22,22,22,22,22,22,22,22,22,22,22,22,22,22,22,22,22,22,22,22,22,22,22,22,23,23,23,23,24,28,28,32,33,84,104]","[114,131,154,155,155,161,163,163,165,165,165,165,168,177,177,178,179,181,184,186,190,192,194,201,202,202,206,208,211,214,217,218,219,220,221,245,247,256,261,262,270,273,275,282,282,324,327,328,329,338,359,399,402,405,410,419,442,455,462,560]"
jobs32,edit,workers-8,"[7,7,7,7,7,7,7,7,7,7,7,7,7,7,7,8,8,8,8,8,8,8,8,8,8,8,8,8,8,8,8,8,8,8,8,8,8,8,8,9,9,9,9,9,9,9,9,9,10,10,10,10,10,11,11,11,11,12,13,68]","[105,108,109,112,114,115,118,119,119,120,121,125,125,125,126,127,128,128,130,132,132,133,136,138,138,139,139,140,140,141,142,145,148,149,150,153,153,159,160,161,162,163,165,169,178,189,199,200,207,211,212,214,240,264,285,288,308,319,531,1664]","[21,22,22,22,22,22,22,22,22,22,22,22,22,22,22,22,22,22,22,22,22,22,22,22,22,22,22,22,22,22,23,23,23,23,23,23,23,24,24,24,24,24,25,25,25,25,26,26,26,26,27,27,27,28,28,28,30,38,80,340]","[169,182,196,236,242,243,267,270,270,280,283,283,295,296,300,327,333,339,340,342,350,352,360,364,371,374,377,389,390,392,396,412,421,431,434,438,445,475,479,482,491,510,525,576,601,602,622,650,653,661,681,687,698,709,865,883,1008,1130,1428,2260]"
jobs32,revert,default,"[0,0,0,0,0,0,0,0,0,0,0,0,0,0,0,0,0,0,0,0,0,0,0,0,0,0,0,0,0,0,0,0,0,0,0,0,0,0,0,0,0,0,0,0,0,0,0,0,0,0,0,0,0,0,0,0,0,0,0,0]","[0,0,0,0,0,0,0,0,0,0,0,0,0,0,0,0,0,0,0,0,0,0,0,0,0,0,0,0,0,0,0,0,0,0,0,0,0,0,0,0,0,0,0,0,0,0,0,0,0,0,0,0,0,0,0,0,0,0,0,0]","[0,0,0,0,0,0,0,0,0,0,0,0,0,0,0,0,0,0,0,0,0,0,0,0,0,0,0,0,0,0,0,0,0,0,0,0,0,0,0,0,0,0,0,0,0,0,0,0,0,0,0,0,0,0,0,0,0,0,0,0]","[0,0,0,0,0,0,0,0,0,0,0,0,0,0,0,0,0,0,0,0,0,0,0,0,0,0,0,0,0,0,0,0,0,0,0,0,0,0,0,0,0,0,0,0,0,0,0,0,0,0,0,0,0,0,0,0,0,0,0,0]"
jobs32,revert,workers-1,"[6,6,6,6,6,6,6,6,6,6,6,6,6,6,6,6,6,6,6,6,6,6,6,6,6,6,6,6,6,6,6,6,6,6,6,6,7,7,7,7,7,7,7,7,7,7,8,8,8,8,8,8,8,9,9,9,10,11,73,205]","[88,88,88,88,88,88,88,88,88,88,89,89,89,89,89,89,89,89,89,89,89,89,90,90,90,90,90,90,90,90,90,90,90,91,91,91,91,92,95,99,100,100,101,103,105,106,112,112,118,126,128,149,149,161,164,165,169,180,181,212]","[20,20,20,21,21,21,21,21,21,21,21,21,21,21,21,21,21,21,21,21,21,21,21,21,21,21,21,21,21,21,21,21,21,21,21,21,21,21,21,21,21,21,21,21,21,21,21,21,21,21,21,21,21,21,22,32,35,56,67,97]","[85,86,86,86,86,86,86,86,86,86,86,86,86,86,86,86,86,87,87,87,87,87,87,87,87,87,87,87,87,87,88,88,88,88,88,88,89,89,89,89,91,91,92,93,93,95,97,108,109,116,125,146,147,147,156,162,166,177,177,209]"
jobs32,revert,workers-2,"[7,7,7,7,7,7,7,7,7,7,7,7,7,7,7,7,7,7,7,7,7,7,7,7,7,7,7,7,7,7,7,7,7,7,7,7,7,7,7,8,8,8,8,8,8,8,8,9,9,9,9,10,10,10,10,10,11,12,13,29]","[69,70,70,71,71,72,72,73,73,75,75,75,76,76,78,80,82,82,83,83,83,84,85,86,87,87,87,87,87,88,88,89,89,92,92,93,94,94,95,98,99,100,100,101,103,105,105,109,119,125,127,128,130,135,146,163,167,199,350,588]","[21,21,21,21,21,21,21,21,21,21,21,21,21,21,21,21,21,21,21,21,21,21,21,21,21,21,21,22,22,22,22,22,22,22,22,22,22,22,22,22,22,22,22,22,22,22,22,22,22,22,22,22,22,22,22,23,25,28,31,50]","[95,95,95,95,96,97,97,97,98,98,98,98,99,99,99,100,101,101,102,102,102,103,104,104,104,104,105,105,106,107,107,107,109,110,111,111,112,112,112,116,117,118,122,122,125,128,135,137,143,144,156,170,180,187,212,228,238,258,299,630]"
jobs32,revert,workers-4,"[7,7,7,7,7,7,7,7,7,7,7,7,7,7,7,7,7,7,7,7,7,7,7,7,8,8,8,8,8,8,8,8,8,8,8,8,8,8,8,8,9,9,9,9,9,9,9,9,9,10,10,10,11,11,13,15,18,19,58,91]","[76,77,81,83,84,84,85,89,90,91,91,93,94,95,97,97,98,100,101,101,102,102,103,103,105,105,110,111,111,112,114,115,116,116,117,117,118,123,127,129,131,135,137,138,138,139,140,143,144,145,147,170,171,174,175,186,186,198,227,369]","[21,21,21,21,21,22,22,22,22,22,22,22,22,22,22,22,22,22,22,22,22,22,22,22,22,22,22,22,22,22,22,22,22,22,22,22,22,22,22,22,22,22,22,22,22,22,23,23,23,23,23,23,24,25,26,28,29,39,52,53]","[122,131,147,148,151,152,152,153,157,158,160,161,161,166,170,173,173,175,176,177,188,190,190,190,193,193,195,198,198,201,202,204,204,215,215,224,229,232,237,246,250,254,255,259,269,272,275,275,287,288,302,308,319,329,338,342,347,411,431,449]"
jobs32,revert,workers-8,"[7,7,7,7,7,7,7,7,7,7,7,7,7,7,7,7,8,8,8,8,8,8,8,8,8,8,8,8,8,8,8,8,8,8,8,8,8,8,8,8,8,8,8,8,8,8,9,9,9,9,9,10,10,10,10,10,11,11,12,16]","[86,95,106,107,108,109,109,112,112,113,115,118,119,119,120,120,122,126,128,130,131,133,138,140,142,144,146,152,152,154,158,160,160,160,162,165,165,167,167,171,176,177,177,178,183,185,194,198,203,207,225,251,251,266,279,282,283,318,383,568]","[21,22,22,22,22,22,22,22,22,22,22,22,22,22,22,22,22,22,22,22,22,22,22,22,22,22,22,22,22,22,22,22,22,23,23,23,23,23,23,23,23,23,23,23,23,23,24,26,26,27,27,28,28,28,29,29,31,57,131,151]","[133,154,179,183,216,220,227,231,233,251,255,258,260,263,270,273,275,279,279,295,301,308,318,329,338,340,347,347,349,360,379,389,398,414,431,432,438,449,468,482,490,493,494,543,578,583,608,677,716,728,736,767,781,819,881,937,1176,1185,1222,1848]"
jobs32,noop,default,"[0,0,0,0,0,0,0,0,0,0,0,0,0,0,0,0,0,0,0,0,0,0,0,0,0,0,0,0,0,0,0,0,0,0,0,0,0,0,0,0,0,0,0,0,0,0,0,0,0,0,0,0,0,0,0,0,0,0,0,0]","[0,0,0,0,0,0,0,0,0,0,0,0,0,0,0,0,0,0,0,0,0,0,0,0,0,0,0,0,0,0,0,0,0,0,0,0,0,0,0,0,0,0,0,0,0,0,0,0,0,0,0,0,0,0,0,0,0,0,0,0]","[0,0,0,0,0,0,0,0,0,0,0,0,0,0,0,0,0,0,0,0,0,0,0,0,0,0,0,0,0,0,0,0,0,0,0,0,0,0,0,0,0,0,0,0,0,0,0,0,0,0,0,0,0,0,0,0,0,0,0,0]","[0,0,0,0,0,0,0,0,0,0,0,0,0,0,0,0,0,0,0,0,0,0,0,0,0,0,0,0,0,0,0,0,0,0,0,0,0,0,0,0,0,0,0,0,0,0,0,0,0,0,0,0,0,0,0,0,0,0,0,0]"
jobs32,noop,workers-1,"[0,0,0,0,0,0,0,0,0,0,0,0,0,0,0,0,0,0,0,0,0,0,0,0,0,0,0,0,0,0,0,0,0,0,0,0,0,0,0,0,0,0,0,0,0,0,0,0,0,0,0,0,0,0,0,0,0,0,0,0]","[0,0,0,0,0,0,0,0,0,0,0,0,0,0,0,0,0,0,0,0,0,0,0,0,0,0,0,0,0,0,0,0,0,0,0,0,0,0,0,0,0,0,0,0,0,0,0,0,0,0,0,0,0,0,0,0,0,0,0,0]","[0,0,0,0,0,0,0,0,0,0,0,0,0,0,0,0,0,0,0,0,0,0,0,0,0,0,0,0,0,0,0,0,0,0,0,0,0,0,0,0,0,0,0,0,0,0,0,0,0,0,0,0,0,0,0,0,0,0,0,0]","[0,0,0,0,0,0,0,0,0,0,0,0,0,0,0,0,0,0,0,0,0,0,0,0,0,0,0,0,0,0,0,0,0,0,0,0,0,0,0,0,0,0,0,0,0,0,0,0,0,0,0,0,0,0,0,0,0,0,0,0]"
jobs32,noop,workers-2,"[0,0,0,0,0,0,0,0,0,0,0,0,0,0,0,0,0,0,0,0,0,0,0,0,0,0,0,0,0,0,0,0,0,0,0,0,0,0,0,0,0,0,0,0,0,0,0,0,0,0,0,0,0,0,0,0,0,0,0,0]","[0,0,0,0,0,0,0,0,0,0,0,0,0,0,0,0,0,0,0,0,0,0,0,0,0,0,0,0,0,0,0,0,0,0,0,0,0,0,0,0,0,0,0,0,0,0,0,0,0,0,0,0,0,0,0,0,0,0,0,0]","[0,0,0,0,0,0,0,0,0,0,0,0,0,0,0,0,0,0,0,0,0,0,0,0,0,0,0,0,0,0,0,0,0,0,0,0,0,0,0,0,0,0,0,0,0,0,0,0,0,0,0,0,0,0,0,0,0,0,0,0]","[0,0,0,0,0,0,0,0,0,0,0,0,0,0,0,0,0,0,0,0,0,0,0,0,0,0,0,0,0,0,0,0,0,0,0,0,0,0,0,0,0,0,0,0,0,0,0,0,0,0,0,0,0,0,0,0,0,0,0,0]"
jobs32,noop,workers-4,"[0,0,0,0,0,0,0,0,0,0,0,0,0,0,0,0,0,0,0,0,0,0,0,0,0,0,0,0,0,0,0,0,0,0,0,0,0,0,0,0,0,0,0,0,0,0,0,0,0,0,0,0,0,0,0,0,0,0,0,0]","[0,0,0,0,0,0,0,0,0,0,0,0,0,0,0,0,0,0,0,0,0,0,0,0,0,0,0,0,0,0,0,0,0,0,0,0,0,0,0,0,0,0,0,0,0,0,0,0,0,0,0,0,0,0,0,0,0,0,0,0]","[0,0,0,0,0,0,0,0,0,0,0,0,0,0,0,0,0,0,0,0,0,0,0,0,0,0,0,0,0,0,0,0,0,0,0,0,0,0,0,0,0,0,0,0,0,0,0,0,0,0,0,0,0,0,0,0,0,0,0,0]","[0,0,0,0,0,0,0,0,0,0,0,0,0,0,0,0,0,0,0,0,0,0,0,0,0,0,0,0,0,0,0,0,0,0,0,0,0,0,0,0,0,0,0,0,0,0,0,0,0,0,0,0,0,0,0,0,0,0,0,0]"
jobs32,noop,workers-8,"[0,0,0,0,0,0,0,0,0,0,0,0,0,0,0,0,0,0,0,0,0,0,0,0,0,0,0,0,0,0,0,0,0,0,0,0,0,0,0,0,0,0,0,0,0,0,0,0,0,0,0,0,0,0,0,0,0,0,0,0]","[0,0,0,0,0,0,0,0,0,0,0,0,0,0,0,0,0,0,0,0,0,0,0,0,0,0,0,0,0,0,0,0,0,0,0,0,0,0,0,0,0,0,0,0,0,0,0,0,0,0,0,0,0,0,0,0,0,0,0,0]","[0,0,0,0,0,0,0,0,0,0,0,0,0,0,0,0,0,0,0,0,0,0,0,0,0,0,0,0,0,0,0,0,0,0,0,0,0,0,0,0,0,0,0,0,0,0,0,0,0,0,0,0,0,0,0,0,0,0,0,0]","[0,0,0,0,0,0,0,0,0,0,0,0,0,0,0,0,0,0,0,0,0,0,0,0,0,0,0,0,0,0,0,0,0,0,0,0,0,0,0,0,0,0,0,0,0,0,0,0,0,0,0,0,0,0,0,0,0,0,0,0]"
jobs32,fresh,default,"[0,0,0]","[0,0,0]","[0,0,0]","[0,0,0]"
jobs32,fresh,workers-1,"[8,8,9]","[109,114,114]","[22,22,22]","[102,106,106]"
jobs32,fresh,workers-2,"[8,9,14]","[238,245,286]","[23,23,90]","[181,190,193]"
jobs32,fresh,workers-4,"[9,9,10]","[428,483,572]","[23,23,24]","[299,304,422]"
jobs32,fresh,workers-8,"[9,9,9]","[980,1015,1029]","[25,25,26]","[128,291,761]"
jobs128,population,default,"[0,0,0]","[0,0,0]","[0,0,0]","[0,0,0]"
jobs128,population,workers-1,"[46,50,62]","[427,445,610]","[82,86,87]","[403,421,582]"
jobs128,population,workers-2,"[52,54,63]","[385,408,504]","[82,83,161]","[457,494,665]"
jobs128,population,workers-4,"[55,56,66]","[573,697,706]","[84,94,141]","[792,816,888]"
jobs128,population,workers-8,"[56,58,62]","[1212,1217,1247]","[88,89,131]","[756,1073,3102]"
jobs128,edit,default,"[0,0,0,0,0,0,0,0,0,0,0,0,0,0,0,0,0,0,0,0,0,0,0,0,0,0,0,0,0,0,0,0,0,0,0,0,0,0,0,0,0,0,0,0,0,0,0,0,0,0,0,0,0,0,0,0,0,0,0,0]","[0,0,0,0,0,0,0,0,0,0,0,0,0,0,0,0,0,0,0,0,0,0,0,0,0,0,0,0,0,0,0,0,0,0,0,0,0,0,0,0,0,0,0,0,0,0,0,0,0,0,0,0,0,0,0,0,0,0,0,0]","[0,0,0,0,0,0,0,0,0,0,0,0,0,0,0,0,0,0,0,0,0,0,0,0,0,0,0,0,0,0,0,0,0,0,0,0,0,0,0,0,0,0,0,0,0,0,0,0,0,0,0,0,0,0,0,0,0,0,0,0]","[0,0,0,0,0,0,0,0,0,0,0,0,0,0,0,0,0,0,0,0,0,0,0,0,0,0,0,0,0,0,0,0,0,0,0,0,0,0,0,0,0,0,0,0,0,0,0,0,0,0,0,0,0,0,0,0,0,0,0,0]"
jobs128,edit,workers-1,"[42,42,43,43,43,43,43,44,44,44,44,44,44,44,44,44,45,45,45,45,45,45,45,45,45,45,45,45,45,45,46,46,46,46,46,47,47,47,47,47,47,47,47,48,48,48,48,48,48,49,49,51,52,52,54,70,95,96,110,177]","[402,406,406,407,407,408,408,409,411,411,411,412,412,415,416,418,420,420,421,421,422,423,424,424,426,427,428,429,429,431,432,433,435,436,441,443,448,452,452,456,456,457,467,468,478,479,482,485,494,506,520,542,548,554,599,691,697,710,837,865]","[82,82,82,82,82,82,82,82,82,82,82,82,83,83,83,83,83,83,83,83,83,83,83,84,84,84,84,84,84,85,85,85,85,85,85,85,85,86,86,86,86,86,87,89,89,91,91,97,101,103,103,106,110,112,130,149,150,151,152,298]","[383,386,386,386,387,387,388,388,388,388,389,389,391,392,393,396,396,396,397,400,401,402,402,405,405,405,406,407,409,410,411,411,416,419,421,423,425,428,428,428,432,432,433,437,446,455,456,459,462,473,481,495,510,515,528,575,608,677,807,845]"
jobs128,edit,workers-2,"[47,47,47,47,47,48,48,48,48,48,48,48,48,48,49,49,49,49,49,49,49,49,50,50,50,50,50,50,50,50,50,50,50,51,51,51,51,51,52,52,52,52,52,52,52,53,54,59,60,63,67,73,88,89,113,114,137,140,245,343]","[247,249,252,253,254,256,257,258,259,260,260,261,268,271,271,271,272,274,275,276,277,277,279,281,281,281,282,285,286,289,289,290,293,293,299,306,310,313,319,323,326,326,338,341,344,347,354,357,357,359,364,366,370,379,382,384,385,420,460,602]","[82,82,82,82,82,82,82,82,82,82,83,83,83,83,83,83,83,83,83,83,83,83,83,83,83,83,83,83,83,83,83,83,84,84,84,84,84,84,84,84,84,84,84,84,84,84,84,85,85,86,86,86,87,87,90,97,112,147,205,223]","[412,413,413,416,417,420,421,421,421,423,426,426,427,427,433,437,443,446,447,447,448,448,454,455,457,459,463,464,466,467,467,469,471,472,473,477,477,478,484,487,496,503,523,525,527,532,534,535,582,596,596,608,610,622,632,632,658,663,714,855]"
jobs128,edit,workers-4,"[47,48,48,48,48,49,49,49,49,49,49,49,49,49,49,49,49,49,49,50,50,50,50,50,50,50,50,50,50,50,50,50,50,50,50,50,50,50,50,50,50,50,50,50,51,51,51,52,52,53,53,56,58,70,82,92,101,108,115,152]","[178,186,187,191,198,199,203,209,215,226,227,228,230,231,233,233,236,237,237,240,240,243,244,246,248,250,251,254,258,260,261,262,265,268,270,270,273,273,277,278,280,281,281,282,283,285,286,288,289,290,290,295,295,298,302,331,349,431,569,577]","[83,83,83,84,84,84,85,85,85,85,85,85,85,85,85,85,85,85,86,86,86,86,86,87,87,87,88,88,88,89,89,89,89,90,90,90,90,90,90,91,92,92,92,93,93,93,95,97,97,99,101,119,120,120,127,133,142,155,164,353]","[486,512,517,520,527,537,545,556,556,577,590,615,617,652,653,654,669,680,680,682,683,683,687,692,693,696,697,701,703,713,715,717,722,729,753,760,761,765,776,778,789,796,799,805,806,810,832,837,838,856,860,865,894,894,900,906,922,984,1145,1198]"
jobs128,edit,workers-8,"[48,49,49,49,49,49,49,49,49,49,50,50,50,50,50,50,50,50,50,50,50,50,50,50,51,51,51,51,51,51,51,51,51,51,52,52,52,52,52,53,53,53,53,54,55,55,55,55,56,58,60,61,61,75,76,77,80,81,104,226]","[191,225,231,236,236,240,240,241,244,245,246,249,251,252,257,257,260,260,261,262,263,265,265,266,266,266,267,273,273,276,278,289,290,296,296,304,311,313,319,323,332,337,340,347,349,367,379,380,388,391,394,406,413,414,423,428,449,477,641,1231]","[84,84,84,85,85,85,85,85,85,85,85,85,85,85,85,85,85,85,85,85,86,86,86,86,86,86,86,86,86,86,86,86,87,87,87,87,87,87,87,87,87,87,88,88,89,89,90,90,90,90,90,94,95,95,99,99,103,107,117,393]","[610,886,898,923,925,1003,1004,1031,1091,1094,1098,1098,1102,1104,1106,1118,1129,1142,1152,1163,1180,1180,1194,1211,1222,1231,1232,1244,1280,1296,1325,1361,1364,1372,1380,1441,1551,1593,1594,1612,1652,1660,1680,1688,1698,1796,1821,1827,1837,1873,1896,2081,2092,2212,2273,2321,2372,2425,2799,3404]"
jobs128,revert,default,"[0,0,0,0,0,0,0,0,0,0,0,0,0,0,0,0,0,0,0,0,0,0,0,0,0,0,0,0,0,0,0,0,0,0,0,0,0,0,0,0,0,0,0,0,0,0,0,0,0,0,0,0,0,0,0,0,0,0,0,0]","[0,0,0,0,0,0,0,0,0,0,0,0,0,0,0,0,0,0,0,0,0,0,0,0,0,0,0,0,0,0,0,0,0,0,0,0,0,0,0,0,0,0,0,0,0,0,0,0,0,0,0,0,0,0,0,0,0,0,0,0]","[0,0,0,0,0,0,0,0,0,0,0,0,0,0,0,0,0,0,0,0,0,0,0,0,0,0,0,0,0,0,0,0,0,0,0,0,0,0,0,0,0,0,0,0,0,0,0,0,0,0,0,0,0,0,0,0,0,0,0,0]","[0,0,0,0,0,0,0,0,0,0,0,0,0,0,0,0,0,0,0,0,0,0,0,0,0,0,0,0,0,0,0,0,0,0,0,0,0,0,0,0,0,0,0,0,0,0,0,0,0,0,0,0,0,0,0,0,0,0,0,0]"
jobs128,revert,workers-1,"[43,43,43,43,43,44,44,44,44,44,44,44,44,44,44,44,45,45,45,45,45,45,45,45,45,46,46,46,46,46,47,47,47,47,47,47,47,47,47,47,47,47,47,47,47,48,48,48,48,48,49,49,49,50,50,67,77,78,78,109]","[404,405,406,406,407,408,408,410,411,412,413,414,414,415,415,417,417,418,418,421,422,427,428,428,430,432,434,435,436,443,445,456,458,464,466,467,467,471,476,477,481,482,483,486,486,489,491,495,500,505,512,519,541,543,549,551,578,684,717,952]","[81,82,82,82,82,82,82,83,83,83,83,83,83,83,83,83,83,83,83,84,84,84,84,84,84,84,85,85,85,85,85,85,86,86,86,86,87,87,87,87,87,87,87,87,88,89,95,101,103,105,111,114,118,126,136,148,151,153,162,224]","[384,387,387,387,388,388,388,388,389,389,389,390,393,394,395,395,396,397,397,399,399,401,405,408,409,409,411,412,414,415,419,422,434,437,442,444,444,445,452,454,455,456,458,458,462,465,466,469,475,481,494,498,516,520,526,528,554,662,685,927]"
jobs128,revert,workers-2,"[45,46,47,47,47,47,48,48,48,48,49,49,49,49,49,49,49,50,50,50,50,50,50,50,50,50,50,50,51,51,51,51,51,51,51,51,52,52,52,52,52,52,52,53,53,53,53,53,53,53,53,54,54,55,55,68,71,110,115,124]","[252,256,256,257,257,258,258,259,259,259,260,260,261,261,262,262,263,265,266,266,267,268,269,271,273,273,273,273,274,278,283,286,287,289,290,291,294,297,298,300,300,301,303,309,310,317,318,320,324,332,340,353,376,425,428,438,459,465,479,512]","[82,82,82,83,83,83,83,83,83,83,83,83,83,83,83,83,83,84,84,84,84,84,84,84,84,84,84,84,84,84,84,84,84,84,84,84,84,84,85,85,85,85,85,85,85,86,86,100,103,106,110,112,136,145,151,201,206,209,224,347]","[411,412,417,417,417,419,419,420,421,421,422,423,425,427,428,430,433,433,435,435,436,438,443,443,444,444,446,447,448,448,450,452,457,462,464,467,471,480,484,486,491,493,497,500,500,500,503,515,522,525,533,547,552,565,602,612,664,693,825,902]"
jobs128,revert,workers-4,"[46,47,48,48,48,48,49,49,49,49,49,49,49,49,50,50,50,50,50,50,50,50,50,50,50,50,50,50,51,51,51,51,51,51,51,51,51,51,51,51,52,52,52,52,52,53,53,53,53,53,54,55,71,73,74,75,78,96,112,128]","[178,191,196,201,210,210,211,215,215,216,216,217,217,219,221,228,230,231,233,234,234,238,239,239,243,244,245,245,246,247,249,252,255,256,261,263,264,267,272,273,277,279,281,283,286,297,300,303,315,325,326,327,338,342,347,367,371,380,402,490]","[83,84,84,84,84,84,84,85,85,85,85,85,85,85,85,85,86,86,86,86,86,86,86,86,87,87,87,88,88,88,89,89,89,89,90,90,90,91,91,92,92,93,93,93,93,93,93,93,94,94,96,96,97,98,109,120,145,148,150,232]","[495,526,542,569,596,601,605,609,611,616,618,619,629,645,647,647,660,661,673,677,679,681,684,685,689,695,703,704,706,707,707,709,723,731,742,743,752,766,767,776,779,781,795,814,824,829,837,841,844,852,884,893,902,927,928,942,956,993,1108,1311]"
jobs128,revert,workers-8,"[48,49,49,49,49,49,49,49,49,50,50,50,50,50,50,50,50,50,50,50,50,50,51,51,51,51,51,51,51,51,51,51,51,51,51,51,51,51,51,52,52,52,52,52,52,52,52,52,53,53,53,53,53,54,55,62,81,90,92,1250]","[203,222,224,227,228,230,232,234,234,237,237,241,244,245,245,246,247,247,253,255,256,259,260,260,260,261,266,268,271,273,275,278,282,282,283,286,288,289,290,293,300,301,309,319,319,320,320,324,332,336,339,361,381,421,428,433,443,476,515,640]","[84,85,85,85,85,85,85,85,85,85,85,85,85,85,85,85,85,86,86,86,86,86,86,86,86,86,86,86,86,86,86,87,87,87,87,87,87,87,88,88,88,88,89,90,91,93,94,94,97,97,98,100,102,105,116,117,118,132,159,215]","[570,640,823,827,844,868,889,903,904,905,932,962,977,1006,1024,1030,1045,1097,1105,1114,1118,1138,1162,1199,1200,1208,1216,1242,1249,1264,1267,1293,1297,1308,1318,1324,1335,1352,1358,1385,1416,1434,1442,1459,1469,1578,1646,1672,1673,1772,1785,1794,1806,1981,2017,2062,2095,2372,2656,2704]"
jobs128,noop,default,"[0,0,0,0,0,0,0,0,0,0,0,0,0,0,0,0,0,0,0,0,0,0,0,0,0,0,0,0,0,0,0,0,0,0,0,0,0,0,0,0,0,0,0,0,0,0,0,0,0,0,0,0,0,0,0,0,0,0,0,0]","[0,0,0,0,0,0,0,0,0,0,0,0,0,0,0,0,0,0,0,0,0,0,0,0,0,0,0,0,0,0,0,0,0,0,0,0,0,0,0,0,0,0,0,0,0,0,0,0,0,0,0,0,0,0,0,0,0,0,0,0]","[0,0,0,0,0,0,0,0,0,0,0,0,0,0,0,0,0,0,0,0,0,0,0,0,0,0,0,0,0,0,0,0,0,0,0,0,0,0,0,0,0,0,0,0,0,0,0,0,0,0,0,0,0,0,0,0,0,0,0,0]","[0,0,0,0,0,0,0,0,0,0,0,0,0,0,0,0,0,0,0,0,0,0,0,0,0,0,0,0,0,0,0,0,0,0,0,0,0,0,0,0,0,0,0,0,0,0,0,0,0,0,0,0,0,0,0,0,0,0,0,0]"
jobs128,noop,workers-1,"[0,0,0,0,0,0,0,0,0,0,0,0,0,0,0,0,0,0,0,0,0,0,0,0,0,0,0,0,0,0,0,0,0,0,0,0,0,0,0,0,0,0,0,0,0,0,0,0,0,0,0,0,0,0,0,0,0,0,0,0]","[0,0,0,0,0,0,0,0,0,0,0,0,0,0,0,0,0,0,0,0,0,0,0,0,0,0,0,0,0,0,0,0,0,0,0,0,0,0,0,0,0,0,0,0,0,0,0,0,0,0,0,0,0,0,0,0,0,0,0,0]","[0,0,0,0,0,0,0,0,0,0,0,0,0,0,0,0,0,0,0,0,0,0,0,0,0,0,0,0,0,0,0,0,0,0,0,0,0,0,0,0,0,0,0,0,0,0,0,0,0,0,0,0,0,0,0,0,0,0,0,0]","[0,0,0,0,0,0,0,0,0,0,0,0,0,0,0,0,0,0,0,0,0,0,0,0,0,0,0,0,0,0,0,0,0,0,0,0,0,0,0,0,0,0,0,0,0,0,0,0,0,0,0,0,0,0,0,0,0,0,0,0]"
jobs128,noop,workers-2,"[0,0,0,0,0,0,0,0,0,0,0,0,0,0,0,0,0,0,0,0,0,0,0,0,0,0,0,0,0,0,0,0,0,0,0,0,0,0,0,0,0,0,0,0,0,0,0,0,0,0,0,0,0,0,0,0,0,0,0,0]","[0,0,0,0,0,0,0,0,0,0,0,0,0,0,0,0,0,0,0,0,0,0,0,0,0,0,0,0,0,0,0,0,0,0,0,0,0,0,0,0,0,0,0,0,0,0,0,0,0,0,0,0,0,0,0,0,0,0,0,0]","[0,0,0,0,0,0,0,0,0,0,0,0,0,0,0,0,0,0,0,0,0,0,0,0,0,0,0,0,0,0,0,0,0,0,0,0,0,0,0,0,0,0,0,0,0,0,0,0,0,0,0,0,0,0,0,0,0,0,0,0]","[0,0,0,0,0,0,0,0,0,0,0,0,0,0,0,0,0,0,0,0,0,0,0,0,0,0,0,0,0,0,0,0,0,0,0,0,0,0,0,0,0,0,0,0,0,0,0,0,0,0,0,0,0,0,0,0,0,0,0,0]"
jobs128,noop,workers-4,"[0,0,0,0,0,0,0,0,0,0,0,0,0,0,0,0,0,0,0,0,0,0,0,0,0,0,0,0,0,0,0,0,0,0,0,0,0,0,0,0,0,0,0,0,0,0,0,0,0,0,0,0,0,0,0,0,0,0,0,0]","[0,0,0,0,0,0,0,0,0,0,0,0,0,0,0,0,0,0,0,0,0,0,0,0,0,0,0,0,0,0,0,0,0,0,0,0,0,0,0,0,0,0,0,0,0,0,0,0,0,0,0,0,0,0,0,0,0,0,0,0]","[0,0,0,0,0,0,0,0,0,0,0,0,0,0,0,0,0,0,0,0,0,0,0,0,0,0,0,0,0,0,0,0,0,0,0,0,0,0,0,0,0,0,0,0,0,0,0,0,0,0,0,0,0,0,0,0,0,0,0,0]","[0,0,0,0,0,0,0,0,0,0,0,0,0,0,0,0,0,0,0,0,0,0,0,0,0,0,0,0,0,0,0,0,0,0,0,0,0,0,0,0,0,0,0,0,0,0,0,0,0,0,0,0,0,0,0,0,0,0,0,0]"
jobs128,noop,workers-8,"[0,0,0,0,0,0,0,0,0,0,0,0,0,0,0,0,0,0,0,0,0,0,0,0,0,0,0,0,0,0,0,0,0,0,0,0,0,0,0,0,0,0,0,0,0,0,0,0,0,0,0,0,0,0,0,0,0,0,0,0]","[0,0,0,0,0,0,0,0,0,0,0,0,0,0,0,0,0,0,0,0,0,0,0,0,0,0,0,0,0,0,0,0,0,0,0,0,0,0,0,0,0,0,0,0,0,0,0,0,0,0,0,0,0,0,0,0,0,0,0,0]","[0,0,0,0,0,0,0,0,0,0,0,0,0,0,0,0,0,0,0,0,0,0,0,0,0,0,0,0,0,0,0,0,0,0,0,0,0,0,0,0,0,0,0,0,0,0,0,0,0,0,0,0,0,0,0,0,0,0,0,0]","[0,0,0,0,0,0,0,0,0,0,0,0,0,0,0,0,0,0,0,0,0,0,0,0,0,0,0,0,0,0,0,0,0,0,0,0,0,0,0,0,0,0,0,0,0,0,0,0,0,0,0,0,0,0,0,0,0,0,0,0]"
jobs128,fresh,default,"[0,0,0]","[0,0,0]","[0,0,0]","[0,0,0]"
jobs128,fresh,workers-1,"[43,43,133]","[420,428,437]","[84,85,88]","[399,404,413]"
jobs128,fresh,workers-2,"[52,53,62]","[363,492,505]","[84,114,134]","[467,473,547]"
jobs128,fresh,workers-4,"[50,51,52]","[615,671,784]","[86,89,91]","[711,879,1222]"
jobs128,fresh,workers-8,"[54,58,63]","[1074,1164,1168]","[89,90,111]","[753,1148,2105]"
